{"0": {"ID": 7, "Ended": 0, "Modifier": 0, "Tokens": 10, "Collected": [540142279]}, "1": {"ID": 32, "Ended": 0, "Modifier": 2, "Tokens": 10, "Collected": [540142279]}, "2": {"ID": 0, "Ended": 0, "Modifier": 0, "Tokens": 10, "Collected": [540142279]}, "3": {"ID": 25, "Ended": 0, "Modifier": 0, "Tokens": 10, "Collected": [540142279]}, "4": {"ID": 38, "Ended": 0, "Modifier": 2, "Tokens": 10, "Collected": []}, "5": {"ID": 97, "Ended": 0, "Modifier": 0, "Tokens": 10, "Collected": [540142279]}, "6": {"ID": 21, "Ended": 0, "Modifier": 0, "Tokens": 2, "Collected": [540142279]}}