{"0": {"ID": [3, 16, 0, 0], "OfferTitle": "offer", "Cost": 20, "OldCost": 0, "Multiplier": [1, 500, 0, 0], "BrawlerID": [30, 0, 0, 0], "SkinID": [0, 0, 0, 0], "WhoBuyed": [], "ShopType": 0, "ShopDisplay": 0}, "1": {"ID": [9, 16, 7, 1], "OfferTitle": "", "Cost": 0, "OldCost": 899, "Multiplier": [1000, 2000, 95, 80000], "BrawlerID": [0, 0, 0, 0], "SkinID": [0, 0, 0, 0], "WhoBuyed": [540142279, 540142279, 540142279, 540142279], "ShopType": 0, "ShopDisplay": 0}, "2": {"ID": [3, 4, 0, 0], "OfferTitle": "", "Cost": 89, "OldCost": 0, "Multiplier": [1, 1, 0, 0], "BrawlerID": [23, 23, 0, 0], "SkinID": [0, 126, 0, 0], "WhoBuyed": [], "ShopType": 0, "ShopDisplay": 0}}