"Name","Disabled","TID","TileSetPrefix","BgPrefix","LocationTheme","GroundSCW","CampaignGroundSCW","EnvironmentSCW","TileSetRedAdd","TileSetGreenAdd","TileSetBlueAdd","TileSetRedMul","TileSetGreenMul","TileSetBlueMul","IconSWF","IconExportName","GameMode","AllowedMaps","ShadowR","ShadowG","ShadowB","ShadowA","Music","CommunityCredit","HiddenInFriendly"
"string","boolean","string","string","string","string","string","string","string","int","int","int","int","int","int","string","string","string","string","int","int","int","int","string","string","boolean"
"Wanted1","true","TID_WANTED_1","oasis_",,"Oasis","sc3d/bgr_jungle_ground.scw",,"sc3d/bgr_jungle.scw",0,0,0,255,255,255,"sc/events.sc","event_oasis","BountyHunter","Wanted_1",0,66,66,60,"BattleMusic",,
"Wanted3","true","TID_WANTED_3","oasis_",,"Oasis","sc3d/bgr_jungle_ground.scw",,"sc3d/bgr_jungle.scw",0,0,0,255,255,255,"sc/events.sc","event_oasis","BountyHunter","Wanted_3",0,66,66,60,"BattleMusic",,
"Wanted4","true","TID_WANTED_4",,,"Default","sc3d/bgr_canyon_ground.scw",,"sc3d/bgr_canyon.scw",0,0,0,255,255,255,"sc/events.sc","event_canyon","BountyHunter","Gemgrab_3",100,0,0,60,"BattleMusic",,
"Wanted5","true","TID_WANTED_5",,,"Default","sc3d/bgr_canyon_ground.scw",,"sc3d/bgr_canyon.scw",0,0,0,255,255,255,"sc/events.sc","event_canyon","BountyHunter","Gemgrab_2",100,0,0,60,"BattleMusic",,
"Wanted6",,"TID_WANTED_6",,,"Default","sc3d/bgr_canyon_ground.scw",,"sc3d/bgr_canyon.scw",0,0,0,255,255,255,"sc/events.sc","event_canyon","BountyHunter","Wanted_6",100,0,0,60,"BattleMusic",,
"Wanted7",,"TID_WANTED_7","town_",,"OldTown","sc3d/bgr_old_town_ground.scw",,"sc3d/bgr_old_town.scw",0,0,0,255,255,255,"sc/events.sc","event_town","BountyHunter","Wanted_7",100,0,0,60,"BattleMusic",,
"Wanted2","true","TID_WANTED_2","oasis_",,"Oasis","sc3d/bgr_jungle_ground.scw",,"sc3d/bgr_jungle.scw",0,0,0,255,255,255,"sc/events.sc","event_oasis","BountyHunter","Wanted_2",0,66,66,60,"BattleMusic",,
"Gemgrab1",,"TID_GOLDRUSH_1","mine_",,"Mine","sc3d/bgr_mine_ground.scw",,"sc3d/bgr_mine.scw",0,0,0,255,255,255,"sc/events.sc","event_gemmine","CoinRush","Gemgrab_1",0,0,100,60,"BattleMusic",,
"Gemgrab2","true","TID_GOLDRUSH_2","mine_",,"Mine","sc3d/bgr_mine_ground.scw",,"sc3d/bgr_mine.scw",0,0,0,255,255,255,"sc/events.sc","event_gemmine","CoinRush","Gemgrab_2",0,0,100,60,"BattleMusic",,
"Gemgrab3",,"TID_WANTED_4","mortuary_",,"Mortuary","sc3d/bgr_mortuary_ground.scw",,"sc3d/bgr_mortuary.scw",0,0,0,255,255,255,"sc/events.sc","event_mortuary","CoinRush","Gemgrab_3",0,0,100,60,"Halloween_ingame",,
,,,,,,,,"sc3d/bgr_mortuary_decos_hw.scw",,,,,,,,,,,,,,,,,
"Gemgrab4","true","TID_GOLDRUSH_4","mine_",,"Mine","sc3d/bgr_mine_ground.scw",,"sc3d/bgr_mine.scw",0,0,0,255,255,255,"sc/events.sc","event_gemmine","CoinRush","Wanted_3",0,0,100,60,"BattleMusic",,
"Gemgrab5",,"TID_GOLDRUSH_5","mortuary_",,"Mortuary","sc3d/bgr_mortuary_ground.scw",,"sc3d/bgr_mortuary.scw",0,0,0,255,255,255,"sc/events.sc","event_mortuary","CoinRush","Gemgrab_5",0,0,100,60,"Halloween_ingame",,
,,,,,,,,"sc3d/bgr_mortuary_decos_hw.scw",,,,,,,,,,,,,,,,,
"Gemgrab6","true","TID_GOLDRUSH_6","mine_",,"Mine","sc3d/bgr_mine_ground.scw",,"sc3d/bgr_mine.scw",0,0,0,255,255,255,"sc/events.sc","event_gemmine","CoinRush","Gemgrab_4",0,0,100,60,"BattleMusic",,
"Survival1","true","TID_BATTLE_ROYALE_1",,"survival_","Default","sc3d/bgr_canyon_showdown_ground.scw",,"sc3d/bgr_canyon_showdown.scw",0,0,0,255,255,255,"sc/events.sc","event_stormvalley","BattleRoyale","Survival_1",100,0,0,60,"BattleMusic",,
"Survival2",,"TID_BATTLE_ROYALE_2",,"survival_","Default","sc3d/bgr_canyon_showdown_ground.scw","sc3d/bgr_canyon_showdown_ground_wf19.scw","sc3d/bgr_canyon_showdown.scw",0,0,0,255,255,255,"sc/events.sc","event_stormvalley","BattleRoyale","Survival_2",100,0,0,60,"BattleMusic","OwenReds",
"Survival3",,"TID_BATTLE_ROYALE_3",,"survival_","Default","sc3d/bgr_canyon_showdown_ground.scw","sc3d/bgr_canyon_showdown_ground_wf19.scw","sc3d/bgr_canyon_showdown.scw",0,0,0,255,255,255,"sc/events.sc","event_stormvalley","BattleRoyale","Survival_3",100,0,0,60,"BattleMusic",,
"Survival4",,"TID_BATTLE_ROYALE_4",,"survival_","Default","sc3d/bgr_canyon_showdown_ground.scw",,"sc3d/bgr_canyon_showdown.scw",0,0,0,255,255,255,"sc/events.sc","event_stormvalley","BattleRoyale","Survival_4",100,0,0,60,"BattleMusic",,
"Heist1","true","TID_BANKHEIST_1","mortuary_",,"Mortuary","sc3d/bgr_mortuary_ground.scw",,"sc3d/bgr_mortuary.scw",0,0,0,255,255,255,"sc/events.sc","event_mortuary","AttackDefend","Bankheist_1",100,0,0,60,"Halloween_ingame",,
"Heist2","true","TID_BANKHEIST_2",,,"Default","sc3d/bgr_canyon_ground.scw",,"sc3d/bgr_canyon.scw",0,0,0,255,255,255,"sc/events.sc","event_canyon","AttackDefend","Bankheist_2",100,0,0,60,"BattleMusic",,
"Heist3",,"TID_BANKHEIST_3",,,"Default","sc3d/bgr_canyon_ground.scw",,"sc3d/bgr_canyon.scw",0,0,0,255,255,255,"sc/events.sc","event_canyon","AttackDefend","Bankheist_3",100,0,0,60,"BattleMusic",,
"Tutorial",,,"mine_",,"Mine","sc3d/bgr_mine_tutorial_ground.scw",,"sc3d/bgr_mine_tutorial.scw",0,0,0,255,255,255,"sc/events.sc","event_welcome","Tutorial",,0,0,100,60,"BattleMusic",,
"BossFight1","true","TID_BOSS_4",,,"Default","sc3d/bgr_canyon_ground.scw",,"sc3d/bgr_canyon.scw",0,0,0,255,255,255,"sc/events.sc","event_boss","BossFight","BossFight_1",0,66,66,60,"BattleMusic",,
"Wanted8","true","TID_WANTED_8","oasis_",,"Oasis","sc3d/bgr_jungle_ground.scw",,"sc3d/bgr_jungle.scw",0,0,0,255,255,255,"sc/events.sc","event_oasis","BountyHunter","Wanted_8",0,66,66,60,"BattleMusic",,
"Heist4","true","TID_BANKHEIST_4",,,"Default","sc3d/bgr_canyon_ground.scw",,"sc3d/bgr_canyon.scw",0,0,0,255,255,255,"sc/events.sc","event_canyon","AttackDefend","Bankheist_4",100,0,0,60,"BattleMusic",,
"Ball1",,"TID_BALL_1","grassfield_",,"Grassfield","sc3d/bgr_grassfield_ground.scw",,"sc3d/bgr_grassfield.scw",0,0,0,255,255,255,"sc/events.sc","event_brawlball","LaserBall","Laserball_1",0,66,66,60,"BattleMusic",,
"Ball2",,"TID_BALL_2","grassfield_",,"Grassfield","sc3d/bgr_grassfield_ground.scw",,"sc3d/bgr_grassfield.scw",0,0,0,255,255,255,"sc/events.sc","event_brawlball","LaserBall","Laserball_2",0,66,66,60,"BattleMusic",,
"Ball3",,"TID_BALL_3","grassfield_",,"Grassfield","sc3d/bgr_grassfield_ground.scw",,"sc3d/bgr_grassfield.scw",0,0,0,255,255,255,"sc/events.sc","event_brawlball","LaserBall","Laserball_3",0,66,66,60,"BattleMusic",,
"Coop1",,"TID_COOP_1",,,"Default","sc3d/bgr_canyon_ground.scw",,"sc3d/bgr_canyon.scw",0,0,0,255,255,255,"sc/ui.sc","event_coop","Survival","Coop_1",100,0,0,60,"BattleMusic",,
"SurvivalTeam7",,"TID_BATTLE_ROYALE_7",,"survival_","Default","sc3d/bgr_canyon_showdown_ground.scw",,"sc3d/bgr_canyon_showdown.scw",0,0,0,255,255,255,"sc/events.sc","event_stormvalley","BattleRoyaleTeam","Survival_7",100,0,0,60,"BattleMusic",,
"Coop2",,"TID_COOP_2",,,"Default","sc3d/bgr_canyon_ground.scw",,"sc3d/bgr_canyon.scw",0,0,0,255,255,255,"sc/ui.sc","event_coop","Survival","Coop_2",100,0,0,60,"BattleMusic",,
"BossFight2","true","TID_BOSS_3","mine_",,"Mine","sc3d/bgr_mine_ground.scw",,"sc3d/bgr_mine.scw",0,0,0,255,255,255,"sc/events.sc","event_boss","BossFight","BossFight_2",0,0,100,60,"BattleMusic",,
"Gemgrab8","true","TID_GOLDRUSH_8",,,"Default","sc3d/bgr_canyon_ground.scw",,"sc3d/bgr_canyon.scw",0,0,0,255,255,255,"sc/events.sc","event_canyon","CoinRush","Gemgrab_8",0,0,100,60,"BattleMusic",,
"Survival5","true","TID_BATTLE_ROYALE_5",,"survival_","Default","sc3d/bgr_canyon_showdown_ground.scw",,"sc3d/bgr_canyon_showdown.scw",0,0,0,255,255,255,"sc/events.sc","event_stormvalley","BattleRoyale","Survival_5",100,0,0,60,"BattleMusic","Mordeus",
"Survival6",,"TID_BATTLE_ROYALE_6",,"survival_","Default","sc3d/bgr_canyon_showdown_ground.scw",,"sc3d/bgr_canyon_showdown.scw",0,0,0,255,255,255,"sc/events.sc","event_stormvalley","BattleRoyale","Survival_6",100,0,0,60,"BattleMusic",,
"SurvivalTeam1","true","TID_BATTLE_ROYALE_1",,"survival_","Default","sc3d/bgr_canyon_showdown_ground.scw",,"sc3d/bgr_canyon_showdown.scw",0,0,0,255,255,255,"sc/events.sc","event_stormvalley","BattleRoyaleTeam","Survival_1",100,0,0,60,"BattleMusic",,
"SurvivalTeam2",,"TID_BATTLE_ROYALE_2",,"survival_","Default","sc3d/bgr_canyon_showdown_ground.scw","sc3d/bgr_canyon_showdown_ground_wf19.scw","sc3d/bgr_canyon_showdown.scw",0,0,0,255,255,255,"sc/events.sc","event_stormvalley","BattleRoyaleTeam","Survival_2",100,0,0,60,"BattleMusic","OwenReds",
"SurvivalTeam3",,"TID_BATTLE_ROYALE_3",,"survival_","Default","sc3d/bgr_canyon_showdown_ground.scw","sc3d/bgr_canyon_showdown_ground_wf19.scw","sc3d/bgr_canyon_showdown.scw",0,0,0,255,255,255,"sc/events.sc","event_stormvalley","BattleRoyaleTeam","Survival_3",100,0,0,60,"BattleMusic",,
"SurvivalTeam4",,"TID_BATTLE_ROYALE_4",,"survival_","Default","sc3d/bgr_canyon_showdown_ground.scw",,"sc3d/bgr_canyon_showdown.scw",0,0,0,255,255,255,"sc/events.sc","event_stormvalley","BattleRoyaleTeam","Survival_4",100,0,0,60,"BattleMusic",,
"SurvivalTeam5","true","TID_BATTLE_ROYALE_5",,"survival_","Default","sc3d/bgr_canyon_showdown_ground.scw",,"sc3d/bgr_canyon_showdown.scw",0,0,0,255,255,255,"sc/events.sc","event_stormvalley","BattleRoyaleTeam","Survival_5",100,0,0,60,"BattleMusic","Mordeus",
"Coop3",,"TID_COOP_6",,"survival_","Default","sc3d/bgr_canyon_showdown_ground.scw",,"sc3d/bgr_canyon_showdown.scw",0,0,0,255,255,255,"sc/ui.sc","event_coop","Survival","Coop_3",100,0,0,60,"BattleMusic",,
"Gemgrab7",,"TID_GOLDRUSH_7","mine_",,"Mine","sc3d/bgr_mine_ground.scw",,"sc3d/bgr_mine.scw",0,0,0,255,255,255,"sc/events.sc","event_gemmine","CoinRush","Gemgrab_7",0,0,100,60,"BattleMusic","DarkKnight",
"Gemgrab10","true","TID_GOLDRUSH_10","mine_",,"Mine","sc3d/bgr_mine_ground.scw",,"sc3d/bgr_mine.scw",0,0,0,255,255,255,"sc/events.sc","event_gemmine","CoinRush","Gemgrab_10",0,0,100,60,"BattleMusic","Lewinham",
"Heist5","true","TID_BANKHEIST_5",,,"Default","sc3d/bgr_canyon_ground.scw",,"sc3d/bgr_canyon.scw",0,0,0,255,255,255,"sc/events.sc","event_canyon","AttackDefend","Bankheist_5",100,0,0,60,"BattleMusic","Rushalisk",
"Survival7",,"TID_BATTLE_ROYALE_7",,"survival_","Default","sc3d/bgr_canyon_showdown_ground.scw",,"sc3d/bgr_canyon_showdown.scw",0,0,0,255,255,255,"sc/events.sc","event_stormvalley","BattleRoyale","Survival_7",100,0,0,60,"BattleMusic",,
"SurvivalTeam6","true","TID_BATTLE_ROYALE_6",,"survival_","Default","sc3d/bgr_canyon_showdown_ground.scw",,"sc3d/bgr_canyon_showdown.scw",0,0,0,255,255,255,"sc/events.sc","event_stormvalley","BattleRoyaleTeam","Survival_6",100,0,0,60,"BattleMusic",,
"Survival8","true","TID_BATTLE_ROYALE_8",,"survival_water_","Default","sc3d/bgr_island_showdown_ground.scw",,,0,0,0,255,255,255,"sc/events.sc","event_stormvalley","BattleRoyale","Survival_8",100,0,0,60,"BattleMusic","Rushalisk",
"SurvivalTeam8","true","TID_BATTLE_ROYALE_8",,"survival_water_","Default","sc3d/bgr_island_showdown_ground.scw",,,0,0,0,255,255,255,"sc/events.sc","event_stormvalley","BattleRoyaleTeam","Survival_8",100,0,0,60,"BattleMusic","Rushalisk",
"Heist6","true","TID_BANKHEIST_6",,,"Default","sc3d/bgr_canyon_ground.scw",,"sc3d/bgr_canyon.scw",0,0,0,255,255,255,"sc/events.sc","event_canyon","AttackDefend","Bankheist_6",100,0,0,60,"BattleMusic","Mordeus",
"Gemgrab11","true","TID_GOLDRUSH_11","mine_",,"Mine","sc3d/bgr_mine_ground.scw",,"sc3d/bgr_mine.scw",0,0,0,255,255,255,"sc/events.sc","event_gemmine","CoinRush","Gemgrab_11",0,0,100,60,"BattleMusic","FatBubblyDragon",
"Heist7","true","TID_BANKHEIST_7",,,"Default","sc3d/bgr_canyon_ground.scw",,"sc3d/bgr_canyon.scw",0,0,0,255,255,255,"sc/events.sc","event_canyon","AttackDefend","Bankheist_7",100,0,0,60,"BattleMusic","Schmedricks",
"Ball4",,"TID_BALL_4","grassfield_",,"Grassfield","sc3d/bgr_grassfield_ground.scw",,"sc3d/bgr_grassfield.scw",0,0,0,255,255,255,"sc/events.sc","event_brawlball","LaserBall","Laserball_4",0,66,66,60,"BattleMusic","Lex",
"Ball6",,"TID_BALL_6","grassfield_",,"Grassfield","sc3d/bgr_grassfield_ground.scw",,"sc3d/bgr_grassfield.scw",0,0,0,255,255,255,"sc/events.sc","event_brawlball","LaserBall","Laserball_6",0,66,66,60,"BattleMusic","Mordeus",
"Ball7","true","TID_BALL_7","grassfield_",,"Grassfield","sc3d/bgr_grassfield_ground.scw",,"sc3d/bgr_grassfield.scw",0,0,0,255,255,255,"sc/events.sc","event_brawlball","LaserBall","Laserball_7",0,66,66,60,"BattleMusic","Lewinham",
"Heist8",,"TID_BANKHEIST_18","town_",,"OldTown","sc3d/bgr_old_town_ground.scw",,"sc3d/bgr_old_town.scw",0,0,0,255,255,255,"sc/events.sc","event_town","AttackDefend","Bankheist_8",100,0,0,60,"BattleMusic","AlexEsteAdevarat",
"Wanted9",,"TID_WANTED_9","oasis_",,"Oasis","sc3d/bgr_beach_ground.scw","sc3d/bgr_beach_ground_wf19.scw","sc3d/bgr_beach.scw",0,0,0,255,255,255,"sc/events.sc","event_beach","BountyHunter","Wanted_9",0,66,66,60,"BattleMusic","thelucas2000",
"Survival12","true","TID_BATTLE_ROYALE_12",,"survival_","Default","sc3d/bgr_canyon_showdown_ground.scw",,"sc3d/bgr_canyon_showdown.scw",0,0,0,255,255,255,"sc/events.sc","event_stormvalley","BattleRoyale","Survival_12",100,0,0,60,"BattleMusic","Tony_A9",
"SurvivalTeam12","true","TID_BATTLE_ROYALE_12",,"survival_","Default","sc3d/bgr_canyon_showdown_ground.scw",,"sc3d/bgr_canyon_showdown.scw",0,0,0,255,255,255,"sc/events.sc","event_stormvalley","BattleRoyaleTeam","Survival_12",100,0,0,60,"BattleMusic","Tony_A9",
"Raid1",,"TID_RAID_2",,"survival_","Default","sc3d/bgr_canyon_showdown_ground.scw",,"sc3d/bgr_canyon_showdown.scw",0,0,0,255,255,255,"sc/ui.sc","event_raid","Raid","Raid_1",100,0,0,60,"BattleMusic",,
"GGxmas1","true","TID_GOLDRUSH_XMAS_1","snowy_",,"Snowy","sc3d/bgr_snowy_ground.scw",,"sc3d/bgr_snowy.scw",0,0,0,255,255,255,"sc/events.sc","event_snow","CoinRush","Wanted_3",0,0,100,60,"Snow_brawl",,
"GGxmas2","true","TID_GOLDRUSH_XMAS_2","snowy_",,"Snowy","sc3d/bgr_snowy_ground.scw",,"sc3d/bgr_snowy.scw",0,0,0,255,255,255,"sc/events.sc","event_snow","CoinRush","Gemgrab_7",0,0,100,60,"Snow_brawl",,
"GGxmas3","true","TID_GOLDRUSH_XMAS_3","snowy_",,"Snowy","sc3d/bgr_snowy_ground.scw",,"sc3d/bgr_snowy.scw",0,0,0,255,255,255,"sc/events.sc","event_snow","CoinRush","Gemgrab_5",0,0,100,60,"Snow_brawl",,
"GGxmas4","true","TID_GOLDRUSH_XMAS_4","snowy_",,"Snowy","sc3d/bgr_snowy_ground.scw",,"sc3d/bgr_snowy.scw",0,0,0,255,255,255,"sc/events.sc","event_snow","CoinRush","Gemgrab_1",0,0,100,60,"Snow_brawl",,
"GGxmas5","true","TID_GOLDRUSH_XMAS_5","snowy_",,"Snowy","sc3d/bgr_snowy_ground.scw",,"sc3d/bgr_snowy.scw",0,0,0,255,255,255,"sc/events.sc","event_snow","CoinRush","Gemgrab_4",0,0,100,60,"Snow_brawl",,
"GGxmas6","true","TID_GOLDRUSH_XMAS_6","snowy_",,"Snowy","sc3d/bgr_snowy_ground.scw",,"sc3d/bgr_snowy.scw",0,0,0,255,255,255,"sc/events.sc","event_snow","CoinRush","Gemgrab_9",0,0,100,60,"Snow_brawl",,
"GGxmas7","true","TID_GOLDRUSH_XMAS_7","snowy_",,"Snowy","sc3d/bgr_snowy_ground.scw",,"sc3d/bgr_snowy.scw",0,0,0,255,255,255,"sc/events.sc","event_snow","CoinRush","Gemgrab_3",0,0,100,60,"Snow_brawl",,
"BossFight3","true","TID_BOSS_6",,,"Default","sc3d/bgr_canyon_ground.scw",,"sc3d/bgr_canyon.scw",0,0,0,255,255,255,"sc/events.sc","event_boss","BossFight","BossFight_3",0,66,66,60,"BattleMusic",,
"BossFight4","true","TID_BOSS_5","mine_",,"Mine","sc3d/bgr_mine_ground.scw",,"sc3d/bgr_mine.scw",0,0,0,255,255,255,"sc/events.sc","event_boss","BossFight","BossFight_4",0,0,100,60,"BattleMusic",,
"Raid2",,"TID_RAID_3",,"survival_","Default","sc3d/bgr_canyon_showdown_ground.scw",,"sc3d/bgr_canyon_showdown.scw",0,0,0,255,255,255,"sc/ui.sc","event_raid","Raid","Raid_2",100,0,0,60,"BattleMusic",,
"Coop4",,"TID_COOP_3",,"survival_","Default","sc3d/bgr_canyon_showdown_ground.scw",,"sc3d/bgr_canyon_showdown.scw",0,0,0,255,255,255,"sc/ui.sc","event_coop","Survival","Coop_4",100,0,0,60,"BattleMusic",,
"Heist9","true","TID_BANKHEIST_9","town_",,"OldTown","sc3d/bgr_old_town_ground.scw",,"sc3d/bgr_old_town.scw",0,0,0,255,255,255,"sc/events.sc","event_town","AttackDefend","Bankheist_9",100,0,0,60,"BattleMusic",,
"Heist10",,"TID_BANKHEIST_10","town_",,"OldTown","sc3d/bgr_old_town_ground.scw","sc3d/bgr_old_town_ground_wf19.scw","sc3d/bgr_old_town.scw",0,0,0,255,255,255,"sc/events.sc","event_town","AttackDefend","Bankheist_10",100,0,0,60,"Retropolis_battle",,
"Heist11","true","TID_BANKHEIST_11","town_",,"OldTown","sc3d/bgr_old_town_ground.scw",,"sc3d/bgr_old_town.scw",0,0,0,255,255,255,"sc/events.sc","event_town","AttackDefend","Bankheist_11",100,0,0,60,"BattleMusic","AeroNautikks",
"Heist12","true","TID_BANKHEIST_12","retropolis_",,"Retropolis","sc3d/bgr_retropolis_ground.scw",,"sc3d/bgr_retropolis.scw",0,0,0,255,255,255,"sc/events.sc","event_retropolis","AttackDefend","Bankheist_12",100,0,0,60,"Retropolis_battle","Zagibulenka",
"Heist13","true","TID_BANKHEIST_13","town_",,"OldTown","sc3d/bgr_old_town_ground.scw",,"sc3d/bgr_old_town.scw",0,0,0,255,255,255,"sc/events.sc","event_town","AttackDefend","Bankheist_13",100,0,0,60,"BattleMusic",,
"LNYHeist1","true","TID_BANKHEIST_9","town_",,"OldTown","sc3d/bgr_old_town_ground.scw",,"sc3d/bgr_old_town.scw",0,0,0,255,255,255,"sc/events.sc","event_cny","AttackDefend","Bankheist_9",100,0,0,60,"Cny_levels",,
,,,,,,,,"sc3d/bgr_old_town_decos_lny.scw",,,,,,,,,,,,,,,,,
"LNYHeist2","true","TID_BANKHEIST_10","town_",,"OldTown","sc3d/bgr_old_town_ground.scw",,"sc3d/bgr_old_town.scw",0,0,0,255,255,255,"sc/events.sc","event_cny","AttackDefend","Bankheist_10",100,0,0,60,"Cny_levels",,
,,,,,,,,"sc3d/bgr_old_town_decos_lny.scw",,,,,,,,,,,,,,,,,
"LNYHeist3","true","TID_BANKHEIST_11","town_",,"OldTown","sc3d/bgr_old_town_ground.scw",,"sc3d/bgr_old_town.scw",0,0,0,255,255,255,"sc/events.sc","event_cny","AttackDefend","Bankheist_11",100,0,0,60,"Cny_levels","AeroNautikks",
,,,,,,,,"sc3d/bgr_old_town_decos_lny.scw",,,,,,,,,,,,,,,,,
"LNYHeist4","true","TID_BANKHEIST_12","town_",,"OldTown","sc3d/bgr_old_town_ground.scw",,"sc3d/bgr_old_town.scw",0,0,0,255,255,255,"sc/events.sc","event_cny","AttackDefend","Bankheist_12",100,0,0,60,"Cny_levels","Zagibulenka",
,,,,,,,,"sc3d/bgr_old_town_decos_lny.scw",,,,,,,,,,,,,,,,,
"LNYHeist5","true","TID_BANKHEIST_13","town_",,"OldTown","sc3d/bgr_old_town_ground.scw",,"sc3d/bgr_old_town.scw",0,0,0,255,255,255,"sc/events.sc","event_cny","AttackDefend","Bankheist_13",100,0,0,60,"Cny_levels",,
,,,,,,,,"sc3d/bgr_old_town_decos_lny.scw",,,,,,,,,,,,,,,,,
"Wanted10","true","TID_WANTED_9","town_",,"OldTown","sc3d/bgr_old_town_ground.scw",,"sc3d/bgr_old_town.scw",0,0,0,255,255,255,"sc/events.sc","event_town","BountyHunter","Wanted_10",100,0,0,60,"BattleMusic",,
"Wanted11","true","TID_WANTED_11","town_",,"OldTown","sc3d/bgr_old_town_ground.scw",,"sc3d/bgr_old_town.scw",0,0,0,255,255,255,"sc/events.sc","event_town","BountyHunter","Wanted_11",100,0,0,60,"BattleMusic",,
"Wanted12","true","TID_WANTED_12","town_",,"OldTown","sc3d/bgr_old_town_ground.scw",,"sc3d/bgr_old_town.scw",0,0,0,255,255,255,"sc/events.sc","event_town","BountyHunter","Wanted_12",100,0,0,60,"BattleMusic",,
"Wanted13",,"TID_WANTED_13","retropolis_",,"Retropolis","sc3d/bgr_retropolis_ground.scw","sc3d/bgr_retropolis_ground_wf19.scw","sc3d/bgr_retropolis.scw",0,0,0,255,255,255,"sc/events.sc","event_retropolis","BountyHunter","Wanted_13",100,0,0,60,"Retropolis_battle","OwenReds",
"Wanted14","true","TID_WANTED_14","retropolis_",,"Retropolis","sc3d/bgr_retropolis_ground.scw",,"sc3d/bgr_retropolis.scw",0,0,0,255,255,255,"sc/events.sc","event_retropolis","BountyHunter","Wanted_14",100,0,0,60,"Retropolis_battle",,
"LNYWanted1","true","TID_WANTED_9","town_",,"OldTown","sc3d/bgr_old_town_ground.scw",,"sc3d/bgr_old_town.scw",0,0,0,255,255,255,"sc/events.sc","event_cny","BountyHunter","Wanted_10",100,0,0,60,"Cny_levels",,
,,,,,,,,"sc3d/bgr_old_town_decos_lny.scw",,,,,,,,,,,,,,,,,
"LNYWanted2","true","TID_WANTED_11","town_",,"OldTown","sc3d/bgr_old_town_ground.scw",,"sc3d/bgr_old_town.scw",0,0,0,255,255,255,"sc/events.sc","event_cny","BountyHunter","Wanted_11",100,0,0,60,"Cny_levels",,
,,,,,,,,"sc3d/bgr_old_town_decos_lny.scw",,,,,,,,,,,,,,,,,
"LNYWanted3","true","TID_WANTED_12","town_",,"OldTown","sc3d/bgr_old_town_ground.scw",,"sc3d/bgr_old_town.scw",0,0,0,255,255,255,"sc/events.sc","event_cny","BountyHunter","Wanted_12",100,0,0,60,"Cny_levels",,
,,,,,,,,"sc3d/bgr_old_town_decos_lny.scw",,,,,,,,,,,,,,,,,
"LNYWanted4","true","TID_WANTED_13","town_",,"OldTown","sc3d/bgr_old_town_ground.scw",,"sc3d/bgr_old_town.scw",0,0,0,255,255,255,"sc/events.sc","event_cny","BountyHunter","Wanted_13",100,0,0,60,"Cny_levels","OwenReds",
,,,,,,,,"sc3d/bgr_old_town_decos_lny.scw",,,,,,,,,,,,,,,,,
"LNYWanted5","true","TID_WANTED_14","town_",,"OldTown","sc3d/bgr_old_town_ground.scw",,"sc3d/bgr_old_town.scw",0,0,0,255,255,255,"sc/events.sc","event_cny","BountyHunter","Wanted_14",100,0,0,60,"Cny_levels",,
,,,,,,,,"sc3d/bgr_old_town_decos_lny.scw",,,,,,,,,,,,,,,,,
"LNYGemgrab1","true","TID_GOLDRUSH_4","town_",,"OldTown","sc3d/bgr_old_town_ground.scw",,"sc3d/bgr_old_town.scw",0,0,0,255,255,255,"sc/events.sc","event_cny","CoinRush","Wanted_3",0,0,100,60,"Cny_levels",,
,,,,,,,,"sc3d/bgr_old_town_decos_lny.scw",,,,,,,,,,,,,,,,,
"LNYGemgrab2","true","TID_GOLDRUSH_5","town_",,"OldTown","sc3d/bgr_old_town_ground.scw",,"sc3d/bgr_old_town.scw",0,0,0,255,255,255,"sc/events.sc","event_cny","CoinRush","Gemgrab_5_LNY",0,0,100,60,"Cny_levels",,
,,,,,,,,"sc3d/bgr_old_town_decos_lny.scw",,,,,,,,,,,,,,,,,
"LNYGemgrab3","true","TID_GOLDRUSH_6","town_",,"OldTown","sc3d/bgr_old_town_ground.scw",,"sc3d/bgr_old_town.scw",0,0,0,255,255,255,"sc/events.sc","event_cny","CoinRush","Gemgrab_4_LNY",0,0,100,60,"Cny_levels",,
,,,,,,,,"sc3d/bgr_old_town_decos_lny.scw",,,,,,,,,,,,,,,,,
"Ball8","true","TID_WANTED_10","grassfield_",,"Grassfield","sc3d/bgr_grassfield_ground.scw",,"sc3d/bgr_grassfield.scw",0,0,0,255,255,255,"sc/events.sc","event_brawlball","LaserBall","Laserball_8",0,66,66,60,"BattleMusic",,
"Survival10",,"TID_BATTLE_ROYALE_10",,"survival_","Default","sc3d/bgr_canyon_showdown_ground.scw",,"sc3d/bgr_canyon_showdown.scw",0,0,0,255,255,255,"sc/events.sc","event_stormvalley","BattleRoyale","Survival_10",100,0,0,60,"BattleMusic","Binnyboy",
"SurvivalTeam10",,"TID_BATTLE_ROYALE_10",,"survival_","Default","sc3d/bgr_canyon_showdown_ground.scw",,"sc3d/bgr_canyon_showdown.scw",0,0,0,255,255,255,"sc/events.sc","event_stormvalley","BattleRoyaleTeam","Survival_10",100,0,0,60,"BattleMusic","Binnyboy",
"Survival13",,"TID_BATTLE_ROYALE_D2",,"survival_","Default","sc3d/bgr_canyon_showdown_ground.scw","sc3d/bgr_canyon_showdown_ground_wf19.scw","sc3d/bgr_canyon_showdown.scw",0,0,0,255,255,255,"sc/events.sc","event_stormvalley","BattleRoyale","Survival_13",100,0,0,60,"BattleMusic",,
"SurvivalTeam13",,"TID_BATTLE_ROYALE_D2",,"survival_","Default","sc3d/bgr_canyon_showdown_ground.scw","sc3d/bgr_canyon_showdown_ground_wf19.scw","sc3d/bgr_canyon_showdown.scw",0,0,0,255,255,255,"sc/events.sc","event_stormvalley","BattleRoyaleTeam","Survival_13",100,0,0,60,"BattleMusic",,
"Siege1","true","TID_ROBO_WARS_6","town_",,"Warehouse","sc3d/bgr_warehouse_ground.scw",,"sc3d/bgr_warehouse.scw",0,0,0,255,255,255,"sc/events.sc","event_robowars","RoboWars","Siege_1",100,0,0,60,"BattleMusic",,
"Siege2",,"TID_ROBO_WARS_8","town_",,"Warehouse","sc3d/bgr_warehouse_ground.scw","sc3d/bgr_warehouse_ground_wf19.scw","sc3d/bgr_warehouse.scw",0,0,0,255,255,255,"sc/events.sc","event_robowars","RoboWars","Siege_2",100,0,0,60,"BattleMusic",,
"Siege3",,"TID_ROBO_WARS_7","town_",,"Warehouse","sc3d/bgr_warehouse_ground.scw",,"sc3d/bgr_warehouse.scw",0,0,0,255,255,255,"sc/events.sc","event_robowars","RoboWars","Siege_3",100,0,0,60,"BattleMusic",,
"CRoyale","true","TID_BANKHEIST_14","oasis_",,"Oasis","sc3d/bgr_jungle_ground.scw",,"sc3d/bgr_jungle.scw",0,0,0,255,255,255,"sc/events.sc","event_oasis","AttackDefend","CRoyale",0,66,66,60,"BattleMusic","DuccioCh",
"Survival14","true","TID_BATTLE_ROYALE_17",,"survival_","Default","sc3d/bgr_canyon_showdown_ground.scw",,"sc3d/bgr_canyon_showdown.scw",0,0,0,255,255,255,"sc/events.sc","event_stormvalley","BattleRoyale","Survival_14",100,0,0,60,"BattleMusic","Maxymus",
"SurvivalTeam14","true","TID_BATTLE_ROYALE_17",,"survival_","Default","sc3d/bgr_canyon_showdown_ground.scw",,"sc3d/bgr_canyon_showdown.scw",0,0,0,255,255,255,"sc/events.sc","event_stormvalley","BattleRoyaleTeam","Survival_14",100,0,0,60,"BattleMusic","Maxymus",
"Survival15","true","TID_BATTLE_ROYALE_13",,"survival_","Default","sc3d/bgr_canyon_showdown_ground.scw",,"sc3d/bgr_canyon_showdown.scw",0,0,0,255,255,255,"sc/events.sc","event_stormvalley","BattleRoyale","Survival_15",100,0,0,60,"BattleMusic","Mordeus",
"SurvivalTeam15","true","TID_BATTLE_ROYALE_13",,"survival_","Default","sc3d/bgr_canyon_showdown_ground.scw",,"sc3d/bgr_canyon_showdown.scw",0,0,0,255,255,255,"sc/events.sc","event_stormvalley","BattleRoyaleTeam","Survival_15",100,0,0,60,"BattleMusic","Mordeus",
"Survival16",,"TID_BATTLE_ROYALE_19",,"survival_","Default","sc3d/bgr_canyon_showdown_ground.scw",,"sc3d/bgr_canyon_showdown.scw",0,0,0,255,255,255,"sc/events.sc","event_stormvalley","BattleRoyale","Survival_16",100,0,0,60,"BattleMusic","Meme-grabbee",
"SurvivalTeam16",,"TID_BATTLE_ROYALE_19",,"survival_","Default","sc3d/bgr_canyon_showdown_ground.scw",,"sc3d/bgr_canyon_showdown.scw",0,0,0,255,255,255,"sc/events.sc","event_stormvalley","BattleRoyaleTeam","Survival_16",100,0,0,60,"BattleMusic","Meme-grabbee",
"Survival17","true","TID_BATTLE_ROYALE_23",,"survival_","Default","sc3d/bgr_canyon_showdown_ground.scw",,"sc3d/bgr_canyon_showdown.scw",0,0,0,255,255,255,"sc/events.sc","event_stormvalley","BattleRoyale","Survival_17",100,0,0,60,"BattleMusic","OwenReds",
"SurvivalTeam17","true","TID_BATTLE_ROYALE_23",,"survival_","Default","sc3d/bgr_canyon_showdown_ground.scw",,"sc3d/bgr_canyon_showdown.scw",0,0,0,255,255,255,"sc/events.sc","event_stormvalley","BattleRoyaleTeam","Survival_17",100,0,0,60,"BattleMusic","OwenReds",
"Survival18","true","TID_BATTLE_ROYALE_21",,"survival_","Default","sc3d/bgr_canyon_showdown_ground.scw",,"sc3d/bgr_canyon_showdown.scw",0,0,0,255,255,255,"sc/events.sc","event_stormvalley","BattleRoyale","Survival_18",100,0,0,60,"BattleMusic","Pentagonal Cubes",
"SurvivalTeam18","true","TID_BATTLE_ROYALE_21",,"survival_","Default","sc3d/bgr_canyon_showdown_ground.scw",,"sc3d/bgr_canyon_showdown.scw",0,0,0,255,255,255,"sc/events.sc","event_stormvalley","BattleRoyaleTeam","Survival_18",100,0,0,60,"BattleMusic","Pentagonal Cubes",
"Gemgrab12","true","TID_GOLDRUSH_12","mine_",,"Mine","sc3d/bgr_mine_ground.scw",,"sc3d/bgr_mine.scw",0,0,0,255,255,255,"sc/events.sc","event_gemmine","CoinRush","Gemgrab_12",0,0,100,60,"BattleMusic","ash",
"Gemgrab13",,"TID_GOLDRUSH_13","town_",,"OldTown","sc3d/bgr_old_town_ground.scw",,"sc3d/bgr_old_town.scw",0,0,0,255,255,255,"sc/events.sc","event_town","CoinRush","Gemgrab_13",0,0,100,60,"Retropolis_battle","Electra Drake",
"Gemgrab14","true","TID_GOLDRUSH_23","mine_",,"Mine","sc3d/bgr_mine_ground.scw",,"sc3d/bgr_mine.scw",0,0,0,255,255,255,"sc/events.sc","event_gemmine","CoinRush","Gemgrab_10",0,0,100,60,"BattleMusic","Lewinham",
"Gemgrab15",,"TID_GOLDRUSH_17","town_",,"OldTown","sc3d/bgr_old_town_ground.scw",,"sc3d/bgr_old_town.scw",0,0,0,255,255,255,"sc/events.sc","event_town","CoinRush","Gemgrab_15",0,0,100,60,"Retropolis_battle","Mordeus",
"Gemgrab16",,"TID_GOLDRUSH_25","town_",,"OldTown","sc3d/bgr_old_town_ground.scw",,"sc3d/bgr_old_town.scw",0,0,0,255,255,255,"sc/events.sc","event_town","CoinRush","Gemgrab_16",0,0,100,60,"Retropolis_battle","benci",
"Gemgrab17",,"TID_GOLDRUSH_24","mortuary_",,"Mortuary","sc3d/bgr_mortuary_ground.scw",,"sc3d/bgr_mortuary.scw",0,0,0,255,255,255,"sc/events.sc","event_mortuary","CoinRush","Gemgrab_17",0,0,100,60,"Halloween_ingame","Lab2point0",
,,,,,,,,"sc3d/bgr_mortuary_decos_hw.scw",,,,,,,,,,,,,,,,,
"Gemgrab18",,"TID_GOLDRUSH_19","mortuary_",,"Mortuary","sc3d/bgr_mortuary_ground.scw",,"sc3d/bgr_mortuary.scw",0,0,0,255,255,255,"sc/events.sc","event_mortuary","CoinRush","Gemgrab_18",0,0,100,60,"Halloween_ingame","freezeemilk",
,,,,,,,,"sc3d/bgr_mortuary_decos_hw.scw",,,,,,,,,,,,,,,,,
"Ball9",,"TID_BALL_15","grassfield_",,"Grassfield","sc3d/bgr_grassfield_ground.scw","sc3d/bgr_grassfield_ground_wf19.scw","sc3d/bgr_grassfield.scw",0,0,0,255,255,255,"sc/events.sc","event_brawlball","LaserBall","Laserball_9",0,66,66,60,"BattleMusic","Mordeus",
"Biggame1",,"TID_BOSS_4",,"survival_","Default","sc3d/bgr_canyon_showdown_ground.scw",,"sc3d/bgr_canyon_showdown.scw",0,0,0,255,255,255,"sc/events.sc","event_boss","BossFight","Biggame_1",100,0,0,60,"BattleMusic","OwenReds",
"Biggame2",,"TID_BOSS_3",,"survival_","Default","sc3d/bgr_canyon_showdown_ground.scw",,"sc3d/bgr_canyon_showdown.scw",0,0,0,255,255,255,"sc/events.sc","event_boss","BossFight","Biggame_2",100,0,0,60,"BattleMusic","OwenReds",
"Training",,,"mine_",,"Mine","sc3d/bgr_mine_tutorial_ground.scw",,"sc3d/bgr_mine_tutorial.scw",0,0,0,255,255,255,"sc/events.sc","event_welcome","Training","Training",0,0,100,60,"BattleMusic",,
"Gemgrab19",,"TID_GOLDRUSH_31","mine_",,"Mine","sc3d/bgr_mine_ground_tracks_1.scw","sc3d/bgr_mine_ground_tracks_1_wf19.scw","sc3d/bgr_mine_tracks_1.scw",0,0,0,255,255,255,"sc/events.sc","event_gemmine","CoinRush","Gemgrab_19",0,0,100,60,"BattleMusic",,
,,,,,,,,"sc3d/bgr_mine_tracks_1_lights.scw",,,,,,,,,,,,,,,,,
,,,,,,,,"sc3d/bgr_mine_tracks_1_boom_l_top.scw",,,,,,,,,,,,,,,,,
,,,,,,,,"sc3d/bgr_mine_tracks_1_boom_l_bot.scw",,,,,,,,,,,,,,,,,
,,,,,,,,"sc3d/bgr_mine_tracks_1_boom_r_top.scw",,,,,,,,,,,,,,,,,
,,,,,,,,"sc3d/bgr_mine_tracks_1_boom_r_bot.scw",,,,,,,,,,,,,,,,,
"Survival19",,"TID_BATTLE_ROYALE_28",,"survival_","Default","sc3d/bgr_canyon_showdown_ground.scw","sc3d/bgr_canyon_showdown_ground_wf19.scw","sc3d/bgr_canyon_showdown.scw",0,0,0,255,255,255,"sc/events.sc","event_stormvalley","BattleRoyale","Survival_19",100,0,0,60,"BattleMusic","Mordeus",
"SurvivalTeam19",,"TID_BATTLE_ROYALE_28",,"survival_","Default","sc3d/bgr_canyon_showdown_ground.scw","sc3d/bgr_canyon_showdown_ground_wf19.scw","sc3d/bgr_canyon_showdown.scw",0,0,0,255,255,255,"sc/events.sc","event_stormvalley","BattleRoyaleTeam","Survival_19",100,0,0,60,"BattleMusic","Mordeus",
"Survival20",,"TID_BATTLE_ROYALE_31",,"survival_","Default","sc3d/bgr_canyon_showdown_ground.scw",,"sc3d/bgr_canyon_showdown.scw",0,0,0,255,255,255,"sc/events.sc","event_stormvalley","BattleRoyale","Survival_20",100,0,0,60,"BattleMusic","OwenReds",
"SurvivalTeam20",,"TID_BATTLE_ROYALE_31",,"survival_","Default","sc3d/bgr_canyon_showdown_ground.scw",,"sc3d/bgr_canyon_showdown.scw",0,0,0,255,255,255,"sc/events.sc","event_stormvalley","BattleRoyaleTeam","Survival_20",100,0,0,60,"BattleMusic","OwenReds",
"Siege4",,"TID_ROBO_WARS_13","town_",,"Warehouse","sc3d/bgr_warehouse_ground.scw","sc3d/bgr_warehouse_ground_wf19.scw","sc3d/bgr_warehouse.scw",0,0,0,255,255,255,"sc/events.sc","event_robowars","RoboWars","Siege_4",100,0,0,60,"BattleMusic","OwenReds",
"Siege5","true","TID_ROBO_WARS_11","town_",,"Warehouse","sc3d/bgr_warehouse_ground.scw",,"sc3d/bgr_warehouse.scw",0,0,0,255,255,255,"sc/events.sc","event_robowars","RoboWars","Siege_5",100,0,0,60,"BattleMusic","Binnyboy",
"Siege6","true","TID_ROBO_WARS_10","town_",,"Warehouse","sc3d/bgr_warehouse_ground.scw",,"sc3d/bgr_warehouse.scw",0,0,0,255,255,255,"sc/events.sc","event_robowars","RoboWars","Siege_6",100,0,0,60,"BattleMusic","Binnyboy",
"Siege7","true","TID_ROBO_WARS_4","town_",,"Warehouse","sc3d/bgr_warehouse_ground.scw",,"sc3d/bgr_warehouse.scw",0,0,0,255,255,255,"sc/events.sc","event_robowars","RoboWars","Siege_7",100,0,0,60,"BattleMusic","OwenReds",
"Siege8","true","TID_ROBO_WARS_12","town_",,"Warehouse","sc3d/bgr_warehouse_ground.scw",,"sc3d/bgr_warehouse.scw",0,0,0,255,255,255,"sc/events.sc","event_robowars","RoboWars","Siege_8",100,0,0,60,"BattleMusic","Mordeus",
"Ball10",,"TID_BALL_17","grassfield_",,"Grassfield","sc3d/bgr_grassfield_ground.scw","sc3d/bgr_grassfield_ground_wf19.scw","sc3d/bgr_grassfield.scw",0,0,0,255,255,255,"sc/events.sc","event_brawlball","LaserBall","Laserball_10",0,66,66,60,"BattleMusic","Mordeus",
"Raid4",,"TID_ROBO_WARS_14",,"survival_","Default","sc3d/bgr_canyon_showdown_ground.scw",,"sc3d/bgr_canyon_showdown.scw",0,0,0,255,255,255,"sc/ui.sc","event_raid","Raid","Raid_4",100,0,0,60,"BattleMusic",,
"Ball11","true","TID_BALL_21","grassfield_",,"Grassfield","sc3d/bgr_grassfield_ground.scw",,"sc3d/bgr_grassfield.scw",0,0,0,255,255,255,"sc/events.sc","event_brawlball","LaserBall","Laserball_11",0,66,66,60,"BattleMusic","ash",
"Survival21","true","TID_BATTLE_ROYALE_16",,"survival_","Default","sc3d/bgr_canyon_showdown_ground.scw",,"sc3d/bgr_canyon_showdown.scw",0,0,0,255,255,255,"sc/events.sc","event_stormvalley","BattleRoyale","Survival_21",100,0,0,60,"BattleMusic","Mordeus",
"SurvivalTeam21","true","TID_BATTLE_ROYALE_16",,"survival_","Default","sc3d/bgr_canyon_showdown_ground.scw",,"sc3d/bgr_canyon_showdown.scw",0,0,0,255,255,255,"sc/events.sc","event_stormvalley","BattleRoyaleTeam","Survival_21",100,0,0,60,"BattleMusic","Mordeus",
"Heist14",,"TID_BANKHEIST_14B","retropolis_",,"Retropolis","sc3d/bgr_retropolis_ground.scw","sc3d/bgr_retropolis_ground_wf19.scw","sc3d/bgr_retropolis.scw",0,0,0,255,255,255,"sc/events.sc","event_retropolis","AttackDefend","Bankheist_14",100,0,0,60,"Retropolis_battle","Lex",
"Heist15","true","TID_BANKHEIST_15","retropolis_",,"Retropolis","sc3d/bgr_retropolis_ground.scw",,"sc3d/bgr_retropolis.scw",0,0,0,255,255,255,"sc/events.sc","event_retropolis","AttackDefend","Bankheist_15",100,0,0,60,"Retropolis_battle","OwenReds",
"Gemgrab20",,"TID_GOLDRUSH_21","retropolis_",,"Retropolis","sc3d/bgr_retropolis_ground.scw",,"sc3d/bgr_retropolis.scw",0,0,0,255,255,255,"sc/events.sc","event_retropolis","CoinRush","Gemgrab_20",0,0,100,60,"Retropolis_battle",,
"Gemgrab21","true","TID_GOLDRUSH_21C","retropolis_",,"Retropolis","sc3d/bgr_retropolis_ground.scw",,"sc3d/bgr_retropolis.scw",0,0,0,255,255,255,"sc/events.sc","event_retropolis","CoinRush","Gemgrab_21",0,0,100,60,"Retropolis_battle","Frep",
"Siege9","true","TID_ROBO_WARS_2","town_",,"Warehouse","sc3d/bgr_warehouse_ground.scw",,"sc3d/bgr_warehouse.scw",0,0,0,255,255,255,"sc/events.sc","event_robowars","RoboWars","Siege_9",100,0,0,60,"BattleMusic","Mr. Lee",
"Siege10",,"TID_ROBO_WARS_3","town_",,"Warehouse","sc3d/bgr_warehouse_ground.scw","sc3d/bgr_warehouse_ground_wf19.scw","sc3d/bgr_warehouse.scw",0,0,0,255,255,255,"sc/events.sc","event_robowars","RoboWars","Siege_10",100,0,0,60,"BattleMusic","G.W.B.S.",
"Ball12",,"TID_BALL_22","grassfield_",,"GrassfieldBeachBall","sc3d/bgr_beach_brawl_ball_ground.scw",,"sc3d/bgr_beach_brawl_ball.scw",0,0,0,255,255,255,"sc/events.sc","event_beach","LaserBall","Laserball_12",0,66,66,60,"BattleMusic","FeFaLah",
"Ball13",,"TID_BALL_23","grassfield_",,"GrassfieldBeachBall","sc3d/bgr_beach_brawl_ball_ground.scw",,"sc3d/bgr_beach_brawl_ball.scw",0,0,0,255,255,255,"sc/events.sc","event_beach","LaserBall","Laserball_13",0,66,66,60,"BattleMusic","Chief Pekka",
"Heist16","true","TID_BANKHEIST_16","oasis_",,"Oasis","sc3d/bgr_beach_ground.scw",,"sc3d/bgr_beach.scw",0,0,0,255,255,255,"sc/events.sc","event_beach","AttackDefend","Bankheist_16",100,0,0,60,"Retropolis_battle","Thomas P.",
"Heist17",,"TID_BANKHEIST_17","oasis_",,"Oasis","sc3d/bgr_beach_ground.scw","sc3d/bgr_beach_ground_wf19.scw","sc3d/bgr_beach.scw",0,0,0,255,255,255,"sc/events.sc","event_beach","AttackDefend","Bankheist_17",100,0,0,60,"Retropolis_battle","GO away",
"Gemgrab22",,"TID_GOLDRUSH_22","retropolis_",,"Retropolis","sc3d/bgr_retropolis_ground.scw","sc3d/bgr_retropolis_ground_wf19.scw","sc3d/bgr_retropolis.scw",0,0,0,255,255,255,"sc/events.sc","event_retropolis","CoinRush","Gemgrab_22",0,0,100,60,"Retropolis_battle","Milan R.",
"Gemgrab23",,"TID_GOLDRUSH_33","mine_",,"Mine","sc3d/bgr_mine_ground.scw",,"sc3d/bgr_mine.scw",0,0,0,255,255,255,"sc/events.sc","event_gemmine","CoinRush","Gemgrab_23",0,0,100,60,"Retropolis_battle","OwenReds",
"Wanted15","true","TID_WANTED_16","oasis_",,"Oasis","sc3d/bgr_beach_ground.scw",,"sc3d/bgr_beach.scw",0,0,0,255,255,255,"sc/events.sc","event_beach","BountyHunter","Wanted_15",100,0,0,60,"Retropolis_battle","Justin W.",
"Wanted16","true","TID_WANTED_17","oasis_",,"Oasis","sc3d/bgr_beach_ground.scw",,"sc3d/bgr_beach.scw",0,0,0,255,255,255,"sc/events.sc","event_beach","BountyHunter","Wanted_16",100,0,0,60,"Retropolis_battle","Ossama H.",
"Heist18","true","TID_BANKHEIST_18B","town_",,"OldTown","sc3d/bgr_old_town_ground.scw",,"sc3d/bgr_old_town.scw",0,0,0,255,255,255,"sc/events.sc","event_beach","AttackDefend","Bankheist_18",100,0,0,60,"Retropolis_battle","Mordeus",
"Survival22",,"TID_BATTLE_ROYALE_22A",,"survival_","Default","sc3d/bgr_canyon_showdown_ground.scw",,"sc3d/bgr_canyon_showdown.scw",0,0,0,255,255,255,"sc/events.sc","event_stormvalley","BattleRoyale","Survival_22",100,0,0,60,"BattleMusic","feimao",
"SurvivalTeam22",,"TID_BATTLE_ROYALE_22A",,"survival_","Default","sc3d/bgr_canyon_showdown_ground.scw",,"sc3d/bgr_canyon_showdown.scw",0,0,0,255,255,255,"sc/events.sc","event_stormvalley","BattleRoyaleTeam","Survival_22",100,0,0,60,"BattleMusic","feimao",
"Survival23",,"TID_BATTLE_ROYALE_23A",,"survival_","Default","sc3d/bgr_canyon_showdown_ground.scw",,"sc3d/bgr_canyon_showdown.scw",0,0,0,255,255,255,"sc/events.sc","event_stormvalley","BattleRoyale","Survival_23",100,0,0,60,"BattleMusic","Cloudy",
"SurvivalTeam23",,"TID_BATTLE_ROYALE_23A",,"survival_","Default","sc3d/bgr_canyon_showdown_ground.scw",,"sc3d/bgr_canyon_showdown.scw",0,0,0,255,255,255,"sc/events.sc","event_stormvalley","BattleRoyaleTeam","Survival_23",100,0,0,60,"BattleMusic","Cloudy",
"Survival24",,"TID_BATTLE_ROYALE_24A",,"survival_","Default","sc3d/bgr_canyon_showdown_ground.scw",,"sc3d/bgr_canyon_showdown.scw",0,0,0,255,255,255,"sc/events.sc","event_stormvalley","BattleRoyale","Survival_24",100,0,0,60,"BattleMusic","OwenReds",
"SurvivalTeam24",,"TID_BATTLE_ROYALE_24A",,"survival_","Default","sc3d/bgr_canyon_showdown_ground.scw",,"sc3d/bgr_canyon_showdown.scw",0,0,0,255,255,255,"sc/events.sc","event_stormvalley","BattleRoyaleTeam","Survival_24",100,0,0,60,"BattleMusic","OwenReds",
"Gemgrab24",,"TID_GOLDRUSH_24A","retropolis_",,"Retropolis","sc3d/bgr_retropolis_ground.scw",,"sc3d/bgr_retropolis.scw",0,0,0,255,255,255,"sc/events.sc","event_retropolis","CoinRush","Gemgrab_24",0,0,100,60,"Retropolis_battle","Milan Ryba",
"Wanted17",,"TID_WANTED_17A","oasis_",,"Oasis","sc3d/bgr_jungle_ground.scw","sc3d/bgr_jungle_ground_wf19.scw","sc3d/bgr_jungle.scw",0,0,0,255,255,255,"sc/events.sc","event_oasis","BountyHunter","Wanted_17",100,0,0,60,"Retropolis_battle","ToxinLab",
"Ball14",,"TID_BALL_14A","grassfield_",,"Grassfield","sc3d/bgr_grassfield_ground.scw",,"sc3d/bgr_grassfield.scw",0,0,0,255,255,255,"sc/events.sc","event_beach","LaserBall","Laserball_14",0,66,66,60,"BattleMusic","OwenReds",
"Ball15",,"TID_BALL_15A","grassfield_",,"Grassfield","sc3d/bgr_grassfield_ground.scw",,"sc3d/bgr_grassfield.scw",0,0,0,255,255,255,"sc/events.sc","event_beach","LaserBall","Laserball_15",0,66,66,60,"BattleMusic","Silver Beast",
"Ball16",,"TID_BALL_16A","grassfield_",,"Grassfield","sc3d/bgr_grassfield_ground.scw",,"sc3d/bgr_grassfield.scw",0,0,0,255,255,255,"sc/events.sc","event_beach","LaserBall","Laserball_16",0,66,66,60,"BattleMusic","Binnyboy",
"Ball17",,"TID_BALL_17A","grassfield_",,"Grassfield","sc3d/bgr_grassfield_ground.scw","sc3d/bgr_grassfield_ground_wf19.scw","sc3d/bgr_grassfield.scw",0,0,0,255,255,255,"sc/events.sc","event_beach","LaserBall","Laserball_17",0,66,66,60,"BattleMusic","Ellisimo",
"Ball18",,"TID_BALL_18A","grassfield_",,"Grassfield","sc3d/bgr_grassfield_ground.scw",,"sc3d/bgr_grassfield.scw",0,0,0,255,255,255,"sc/events.sc","event_beach","LaserBall","Laserball_18",0,66,66,60,"BattleMusic","Frep",
"Survival25",,"TID_BATTLE_ROYALE_30A",,"survival_","Default","sc3d/bgr_canyon_showdown_ground.scw",,"sc3d/bgr_canyon_showdown.scw",0,0,0,255,255,255,"sc/events.sc","event_stormvalley","BattleRoyale","Survival_25",100,0,0,60,"BattleMusic","Mordeus",
"SurvivalTeam25",,"TID_BATTLE_ROYALE_30A",,"survival_","Default","sc3d/bgr_canyon_showdown_ground.scw",,"sc3d/bgr_canyon_showdown.scw",0,0,0,255,255,255,"sc/events.sc","event_stormvalley","BattleRoyaleTeam","Survival_25",100,0,0,60,"BattleMusic","Mordeus",
"BossRace1","true","TID_BOSS_RACE_1",,"survival_","Default","sc3d/bgr_canyon_showdown_ground.scw",,"sc3d/bgr_canyon_showdown.scw",0,0,0,255,255,255,"sc/events.sc","event_takedown","BossRace","BossRace_1",100,0,0,60,"BattleMusic",,
"BossRace2","true","TID_BOSS_RACE_2",,"survival_","Default","sc3d/bgr_canyon_showdown_ground.scw",,"sc3d/bgr_canyon_showdown.scw",0,0,0,255,255,255,"sc/events.sc","event_takedown","BossRace","BossRace_2",100,0,0,60,"BattleMusic","Mordeus",
"BossRace3","true","TID_BOSS_RACE_3",,"survival_","Default","sc3d/bgr_canyon_showdown_ground.scw",,"sc3d/bgr_canyon_showdown.scw",0,0,0,255,255,255,"sc/events.sc","event_takedown","BossRace","BossRace_3",100,0,0,60,"BattleMusic",,
"BossRace4","true","TID_BOSS_RACE_4",,"survival_","Default","sc3d/bgr_canyon_showdown_ground.scw",,"sc3d/bgr_canyon_showdown.scw",0,0,0,255,255,255,"sc/events.sc","event_takedown","BossRace","BossRace_4",100,0,0,60,"BattleMusic",,
"BossRace5","true","TID_BOSS_RACE_5",,"survival_water_","Default","sc3d/bgr_island_showdown_ground.scw",,,0,0,0,255,255,255,"sc/events.sc","event_takedown","BossRace","BossRace_5",100,0,0,60,"BattleMusic",,
"BossRace6","true","TID_BOSS_RACE_6",,"survival_","Default","sc3d/bgr_canyon_showdown_ground.scw",,"sc3d/bgr_canyon_showdown.scw",0,0,0,255,255,255,"sc/events.sc","event_takedown","BossRace","BossRace_6",100,0,0,60,"BattleMusic",,
"BossRace7","true","TID_BOSS_RACE_7",,"survival_","Default","sc3d/bgr_canyon_showdown_ground.scw",,"sc3d/bgr_canyon_showdown.scw",0,0,0,255,255,255,"sc/events.sc","event_takedown","BossRace","BossRace_7",100,0,0,60,"BattleMusic",,
"SoloBounty1",,"TID_LONESTAR_02",,"survival_","Default","sc3d/bgr_canyon_showdown_ground.scw",,"sc3d/bgr_canyon_showdown.scw",0,0,0,255,255,255,"sc/events.sc","event_lone_star","SoloBounty","Solobounty_2",100,0,0,60,"BattleMusic","_Shqdowz_",
"SoloBounty2",,"TID_LONESTAR_03",,"survival_","Default","sc3d/bgr_canyon_showdown_ground.scw",,"sc3d/bgr_canyon_showdown.scw",0,0,0,255,255,255,"sc/events.sc","event_lone_star","SoloBounty","Solobounty_3",100,0,0,60,"BattleMusic","Cindy",
"SoloBounty3",,"TID_LONESTAR_04",,"survival_","Default","sc3d/bgr_canyon_showdown_ground.scw",,"sc3d/bgr_canyon_showdown.scw",0,0,0,255,255,255,"sc/events.sc","event_lone_star","SoloBounty","Solobounty_4",100,0,0,60,"BattleMusic","iEnjoy",
"SoloBounty4",,"TID_LONESTAR_05",,"survival_","Default","sc3d/bgr_canyon_showdown_ground.scw",,"sc3d/bgr_canyon_showdown.scw",0,0,0,255,255,255,"sc/events.sc","event_lone_star","SoloBounty","Solobounty_5",100,0,0,60,"BattleMusic","DustyBud",
"SoloBounty5",,"TID_LONESTAR_06",,"survival_","Default","sc3d/bgr_canyon_showdown_ground.scw",,"sc3d/bgr_canyon_showdown.scw",0,0,0,255,255,255,"sc/events.sc","event_lone_star","SoloBounty","Solobounty_6",100,0,0,60,"BattleMusic","Frep",
"SoloBounty6",,"TID_LONESTAR_07",,"survival_","Default","sc3d/bgr_canyon_showdown_ground.scw",,"sc3d/bgr_canyon_showdown.scw",0,0,0,255,255,255,"sc/events.sc","event_lone_star","SoloBounty","Solobounty_7",100,0,0,60,"BattleMusic","ToxinLab",
"SoloBounty7",,"TID_LONESTAR_08",,"survival_","Default","sc3d/bgr_canyon_showdown_ground.scw",,"sc3d/bgr_canyon_showdown.scw",0,0,0,255,255,255,"sc/events.sc","event_lone_star","SoloBounty","Solobounty_8",100,0,0,60,"BattleMusic","OwenReds",
"BossRace8",,"TID_BOSS_RACE_8","mortuary_","survival_","MortuaryShowdown","sc3d/bgr_mortuary_showdown_ground.scw",,"sc3d/bgr_mortuary_showdown.scw",0,0,0,255,255,255,"sc/events.sc","event_takedown","BossRace","BossRace_8",100,0,0,60,"Halloween_ingame","-iLast",
,,,,,,,,"sc3d/bgr_mortuary_showdown_decos_hw.scw",,,,,,,,,,,,,,,,,
"BossRace9",,"TID_BOSS_RACE_9","mortuary_","survival_","MortuaryShowdown","sc3d/bgr_mortuary_showdown_ground.scw",,"sc3d/bgr_mortuary_showdown.scw",0,0,0,255,255,255,"sc/events.sc","event_takedown","BossRace","BossRace_9",100,0,0,60,"Halloween_ingame","Binnyboy",
,,,,,,,,"sc3d/bgr_mortuary_showdown_decos_hw.scw",,,,,,,,,,,,,,,,,
"BossRace10",,"TID_BOSS_RACE_10","mortuary_","survival_","MortuaryShowdown","sc3d/bgr_mortuary_showdown_ground.scw",,"sc3d/bgr_mortuary_showdown.scw",0,0,0,255,255,255,"sc/events.sc","event_takedown","BossRace","BossRace_10",100,0,0,60,"Halloween_ingame","OwenReds",
,,,,,,,,"sc3d/bgr_mortuary_showdown_decos_hw.scw",,,,,,,,,,,,,,,,,
"BossRace11",,"TID_BOSS_RACE_11","mortuary_","survival_","MortuaryShowdown","sc3d/bgr_mortuary_showdown_ground.scw",,"sc3d/bgr_mortuary_showdown.scw",0,0,0,255,255,255,"sc/events.sc","event_takedown","BossRace","BossRace_11",100,0,0,60,"Halloween_ingame","Mordeus",
,,,,,,,,"sc3d/bgr_mortuary_showdown_decos_hw.scw",,,,,,,,,,,,,,,,,
"BossRace12",,"TID_BATTLE_ROYALE_18","mortuary_","survival_","MortuaryShowdown","sc3d/bgr_mortuary_showdown_ground.scw",,"sc3d/bgr_mortuary_showdown.scw",0,0,0,255,255,255,"sc/events.sc","event_takedown","BossRace","BossRace_12",100,0,0,60,"Halloween_ingame","Chief Pekka",
,,,,,,,,"sc3d/bgr_mortuary_showdown_decos_hw.scw",,,,,,,,,,,,,,,,,
"BossRace13",,"TID_BOSS_RACE_13","mortuary_","survival_","MortuaryShowdown","sc3d/bgr_mortuary_showdown_ground.scw",,"sc3d/bgr_mortuary_showdown.scw",0,0,0,255,255,255,"sc/events.sc","event_takedown","BossRace","BossRace_13",100,0,0,60,"Halloween_ingame","_Shqdowz_",
,,,,,,,,"sc3d/bgr_mortuary_showdown_decos_hw.scw",,,,,,,,,,,,,,,,,
"BossRace14",,"TID_BOSS_RACE_14","mortuary_","survival_","MortuaryShowdown","sc3d/bgr_mortuary_showdown_ground.scw",,"sc3d/bgr_mortuary_showdown.scw",0,0,0,255,255,255,"sc/events.sc","event_takedown","BossRace","BossRace_14",100,0,0,60,"Halloween_ingame","Cloudy",
,,,,,,,,"sc3d/bgr_mortuary_showdown_decos_hw.scw",,,,,,,,,,,,,,,,,
"Graves1",,"TID_BATTLE_ROYALE_1","mortuary_","survival_","MortuaryShowdown","sc3d/bgr_mortuary_showdown_ground.scw",,"sc3d/bgr_mortuary_showdown.scw",0,0,0,255,255,255,"sc/events.sc","event_mortuary_showdown","BattleRoyale","Survival_1",100,0,0,60,"Halloween_ingame",,
,,,,,,,,"sc3d/bgr_mortuary_showdown_decos_hw.scw",,,,,,,,,,,,,,,,,
"GravesTeam1",,"TID_BATTLE_ROYALE_1","mortuary_","survival_","MortuaryShowdown","sc3d/bgr_mortuary_showdown_ground.scw",,"sc3d/bgr_mortuary_showdown.scw",0,0,0,255,255,255,"sc/events.sc","event_mortuary_showdown","BattleRoyaleTeam","Survival_1",100,0,0,60,"Halloween_ingame",,
,,,,,,,,"sc3d/bgr_mortuary_showdown_decos_hw.scw",,,,,,,,,,,,,,,,,
"Graves2",,"TID_BATTLE_ROYALE_12","mortuary_","survival_","MortuaryShowdown","sc3d/bgr_mortuary_showdown_ground.scw",,"sc3d/bgr_mortuary_showdown.scw",0,0,0,255,255,255,"sc/events.sc","event_mortuary_showdown","BattleRoyale","Survival_12",100,0,0,60,"Halloween_ingame","Tony_A9",
,,,,,,,,"sc3d/bgr_mortuary_showdown_decos_hw.scw",,,,,,,,,,,,,,,,,
"GravesTeam2",,"TID_BATTLE_ROYALE_12","mortuary_","survival_","MortuaryShowdown","sc3d/bgr_mortuary_showdown_ground.scw",,"sc3d/bgr_mortuary_showdown.scw",0,0,0,255,255,255,"sc/events.sc","event_mortuary_showdown","BattleRoyaleTeam","Survival_12",100,0,0,60,"Halloween_ingame","Tony_A9",
,,,,,,,,"sc3d/bgr_mortuary_showdown_decos_hw.scw",,,,,,,,,,,,,,,,,
"Graves3",,"TID_BATTLE_ROYALE_5","mortuary_","survival_","MortuaryShowdown","sc3d/bgr_mortuary_showdown_ground.scw",,"sc3d/bgr_mortuary_showdown.scw",0,0,0,255,255,255,"sc/events.sc","event_mortuary_showdown","BattleRoyale","Survival_5",100,0,0,60,"Halloween_ingame","Mordeus",
,,,,,,,,"sc3d/bgr_mortuary_showdown_decos_hw.scw",,,,,,,,,,,,,,,,,
"GravesTeam3",,"TID_BATTLE_ROYALE_5","mortuary_","survival_","MortuaryShowdown","sc3d/bgr_mortuary_showdown_ground.scw",,"sc3d/bgr_mortuary_showdown.scw",0,0,0,255,255,255,"sc/events.sc","event_mortuary_showdown","BattleRoyaleTeam","Survival_5",100,0,0,60,"Halloween_ingame","Mordeus",
,,,,,,,,"sc3d/bgr_mortuary_showdown_decos_hw.scw",,,,,,,,,,,,,,,,,
"Graves4",,"TID_BATTLE_ROYALE_13","mortuary_","survival_","MortuaryShowdown","sc3d/bgr_mortuary_showdown_ground.scw",,"sc3d/bgr_mortuary_showdown.scw",0,0,0,255,255,255,"sc/events.sc","event_mortuary_showdown","BattleRoyale","Survival_15",100,0,0,60,"Halloween_ingame","Mordeus",
,,,,,,,,"sc3d/bgr_mortuary_showdown_decos_hw.scw",,,,,,,,,,,,,,,,,
"GravesTeam4",,"TID_BATTLE_ROYALE_13","mortuary_","survival_","MortuaryShowdown","sc3d/bgr_mortuary_showdown_ground.scw",,"sc3d/bgr_mortuary_showdown.scw",0,0,0,255,255,255,"sc/events.sc","event_mortuary_showdown","BattleRoyaleTeam","Survival_15",100,0,0,60,"Halloween_ingame","Mordeus",
,,,,,,,,"sc3d/bgr_mortuary_showdown_decos_hw.scw",,,,,,,,,,,,,,,,,
"Graves5",,"TID_LONESTAR_01","mortuary_","survival_","MortuaryShowdown","sc3d/bgr_mortuary_showdown_ground.scw",,"sc3d/bgr_mortuary_showdown.scw",0,0,0,255,255,255,"sc/events.sc","event_mortuary_showdown","BattleRoyale","Solobounty_1",100,0,0,60,"Halloween_ingame","ash",
,,,,,,,,"sc3d/bgr_mortuary_showdown_decos_hw.scw",,,,,,,,,,,,,,,,,
"GravesTeam5",,"TID_LONESTAR_01","mortuary_","survival_","MortuaryShowdown","sc3d/bgr_mortuary_showdown_ground.scw",,"sc3d/bgr_mortuary_showdown.scw",0,0,0,255,255,255,"sc/events.sc","event_mortuary_showdown","BattleRoyaleTeam","Solobounty_1",100,0,0,60,"Halloween_ingame","ash",
,,,,,,,,"sc3d/bgr_mortuary_showdown_decos_hw.scw",,,,,,,,,,,,,,,,,
"Graves6",,"TID_BATTLE_ROYALE_17","mortuary_","survival_","MortuaryShowdown","sc3d/bgr_mortuary_showdown_ground.scw",,"sc3d/bgr_mortuary_showdown.scw",0,0,0,255,255,255,"sc/events.sc","event_mortuary_showdown","BattleRoyale","Survival_14",100,0,0,60,"Halloween_ingame","Maxymus",
,,,,,,,,"sc3d/bgr_mortuary_showdown_decos_hw.scw",,,,,,,,,,,,,,,,,
"GravesTeam6",,"TID_BATTLE_ROYALE_17","mortuary_","survival_","MortuaryShowdown","sc3d/bgr_mortuary_showdown_ground.scw",,"sc3d/bgr_mortuary_showdown.scw",0,0,0,255,255,255,"sc/events.sc","event_mortuary_showdown","BattleRoyaleTeam","Survival_14",100,0,0,60,"Halloween_ingame","Maxymus",
,,,,,,,,"sc3d/bgr_mortuary_showdown_decos_hw.scw",,,,,,,,,,,,,,,,,
"Graves7",,"TID_BATTLE_ROYALE_21","mortuary_","survival_","MortuaryShowdown","sc3d/bgr_mortuary_showdown_ground.scw",,"sc3d/bgr_mortuary_showdown.scw",0,0,0,255,255,255,"sc/events.sc","event_mortuary_showdown","BattleRoyale","Survival_18",100,0,0,60,"Halloween_ingame","Pentagonal Cubes",
,,,,,,,,"sc3d/bgr_mortuary_showdown_decos_hw.scw",,,,,,,,,,,,,,,,,
"GravesTeam7",,"TID_BATTLE_ROYALE_21","mortuary_","survival_","MortuaryShowdown","sc3d/bgr_mortuary_showdown_ground.scw",,"sc3d/bgr_mortuary_showdown.scw",0,0,0,255,255,255,"sc/events.sc","event_mortuary_showdown","BattleRoyaleTeam","Survival_18",100,0,0,60,"Halloween_ingame","Pentagonal Cubes",
,,,,,,,,"sc3d/bgr_mortuary_showdown_decos_hw.scw",,,,,,,,,,,,,,,,,
