"Name","ParentProjectileForSkin","Speed","FileName","BlueSCW","RedSCW","BlueExportName","RedExportName","ShadowExportName","BlueGroundGlowExportName","RedGroundGlowExportName","PreExplosionBlueExportName","PreExplosionRedExportName","PreExplosionTimeMs","HitEffectEnv","HitEffectChar","MaxRangeReachedEffect","Radius","Indirect","ConstantFlyTime","TriggerWithDelayMs","BouncePercent","Gravity","EarlyTicks","HideTime","Scale","RandomStartFrame","SpawnAreaEffectObject","SpawnAreaEffectObject2","SpawnCharacter","SpawnItem","TrailEffect","ShotByHero","IsBeam","IsBouncing","DistanceAddFromBounce","Rendering","PiercesCharacters","PiercesEnvironment","PiercesEnvironmentLikeButter","PushbackStrength","ChainsToEnemies","ChainBullets","ChainSpread","ChainTravelDistance","ChainBullet","ExecuteChainOnNoHit","DamagePercentStart","DamagePercentEnd","DamagesConstantlyTickDelay","FreezeStrength","StunLengthMS","ScaleStart","ScaleEnd","AttractsPet","LifeStealPercent","PassesEnvironment","PoisonDamagePercent","DamageOnlyWithOneProj","HealOwnPercent","CanGrowStronger","HideFaster","GrapplesEnemy","KickBack","UseColorMod","RedAdd","GreenAdd","BlueAdd","RedMul","GreenMul","BlueMul","GroundBasis","MinDistanceForSpread","IsFriendlyHomingMissile","IsBoomerang","CanHitAgainAfterBounce","IsHomingMissile","BlockUltiCharge","PoisonType","TravelType"
"string","string","int","string","string","string","string","string","string","string","string","string","string","int","string","string","string","int","boolean","boolean","int","int","int","int","int","int","int","string","string","string","string","string","boolean","boolean","boolean","int","string","boolean","boolean","boolean","int","int","int","int","int","string","boolean","int","int","int","int","int","int","int","boolean","int","boolean","int","boolean","int","boolean","boolean","boolean","int","boolean","int","int","int","int","int","int","boolean","int","boolean","boolean","boolean","boolean","boolean","int","int"
"ShotgunGirlProjectile",,3100,"sc/effects_brawler.sc",,,"bullet_shotgun_def_blue_long","bullet_shotgun_def_red_long","shadow_normal_circle",,,,,,"Gen_hit","Gen_hit","bull_def_atk_reached",0,,,,,0,2,0,100,,,,,,,"true",,,,,,,,,,,,,,,,,,,,,,,,,,,,,,,,,,,,,,,,,,,,,,,
"ShotgunGirlUltiProjectile",,4130,"sc/effects_brawler.sc",,,"bullet_shotgun_ulti_blue","bullet_shotgun_ulti_red","shadow_normal_circle",,,,,,"Gen_hit","Gen_hit","shelly_def_ulti_reached",50,,,,,0,2,0,100,,,,,,,"true",,,,,"true","true",,70,,,,,,,,,,,,,,,,,,,,,,,,,,,,,,,,,,,,,,,
"Shelly002Projectile","ShotgunGirlProjectile",,"sc/effects.sc",,,"shelly_attack_anim_blue","shelly_attack_anim_red","shadow_normal_circle",,,,,,"Gen_hit","Gen_hit","no_hit",,,,,,0,,0,100,,,,,,"shotgun_trail_small","true",,,,,,,,,,,,,,,,,,,,,,,,,,,,,,,,,,,,,,,,,,,,,,,
"Shelly002UltiProjectile","ShotgunGirlUltiProjectile",,"sc/effects.sc",,,"shelly_ulti_anim_blue","shelly_ulti_anim_red","shadow_normal_circle",,,,,,"Gen_hit","Gen_hit","no_hit",,,,,,0,,0,100,,,,,,"Gen_Trail_small","true",,,,,,,,,,,,,,,,,,,,,,,,,,,,,,,,,,,,,,,,,,,,,,,
"Shelly003Projectile","ShotgunGirlProjectile",,"sc/effects_brawler.sc",,,"shelly_003_atk_projectile","shelly_003_atk_projectile_red","shadow_normal_circle",,,,,,"shelly_003_atk_hitEnv","shelly_003_atk_hit","shelly_003_atk_reached",,,,,,0,,0,100,,,,,,"shelly_003_atk_trail","true",,,,,,,,,,,,,,,,,,,,,,,,,,,,,,,,,,,,,,,,,,,,,,,
"Shelly003UltiProjectile","ShotgunGirlUltiProjectile",,"sc/effects_brawler.sc",,,"shelly_003_ulti_projectile","shelly_003_ulti_projectile_red","shadow_normal_circle",,,,,,"shelly_003_ulti_reached","shelly_003_ulti_hit_red","shelly_003_ulti_reached",,,,,,0,,0,100,,,,,,"shelly_003_ulti_trail","true",,,,,,,,,,,,,,,,,,,,,,,,,,,,,,,,,,,,,,,,,,,,,,,
"GunslingerProjectile",,3804,"sc/effects_brawler.sc",,,"bullet_pistol_def_atk_blue","bullet_pistol_def_atk_red","shadow_normal_circle",,,,,,"Gen_hit","Gen_hit","colt_def_atk_reached",50,,,,,0,2,0,130,,,,,,,"true",,,,,,,,,,,,,,,,,,,,,,,,,,,,,,,,,,,,,,,,,,,,,,,
"GunslingerUltiProjectile",,4891,"sc/effects_brawler.sc",,,"bullet_pistol_def_ulti_blue","bullet_pistol_def_ulti_red","shadow_normal_circle",,,,,,"Gen_hit","Gen_hit","colt_def_ulti_reached",101,,,,,0,2,0,125,,,,,,,"true",,,,,"true","true",,,,,,,,,,,,,,,,,,,,,,,,,,,,,,,,,,,,,,,,,
"Colt002Projectile","GunslingerProjectile",,"sc/effects_brawler.sc",,,"colt_002_bullet_atk_blue","colt_002_bullet_atk_red","shadow_normal_circle",,,,,,"colt_002_hit","colt_002_hit","colt_def_atk_reached",,,,,,0,,0,130,,,,,,,"true",,,,,,,,,,,,,,,,,,,,,,,,,,,,,,,,,,,,,,,,,,,,,,,
"Colt002UltiProjectile","GunslingerUltiProjectile",,"sc/effects_brawler.sc",,,"colt_002_bullet_ulti_blue","colt_002_bullet_ulti_red","shadow_normal_circle",,,,,,"colt_002_hit","colt_002_hit","colt_def_ulti_reached",,,,,,0,,0,125,,,,,,,"true",,,,,,,,,,,,,,,,,,,,,,,,,,,,,,,,,,,,,,,,,,,,,,,
"BullDudeProjectile",,2853,"sc/effects_brawler.sc",,,"bullet_shotgun_def_blue_short","bullet_shotgun_def_red_short","shadow_normal_circle",,,,,,"Gen_hit","Gen_hit","bull_def_atk_reached",0,,,,,0,2,0,100,,,,,,,"true",,,,,,,,,,,,,,,,,,,,,,,,,,,,,,,,,,,,,,,,,,,,,,,
"RocketGirlProjectile",,3044,"sc/effects_brawler.sc","sc3d/brock_rocket_blue.scw","sc3d/brock_rocket_red.scw","brock_def_atk_tail_blue","brock_def_atk_tail_red","shadow_normal_circle",,,,,,"Gen_hit","Gen_hit",,101,,,,,0,2,0,120,,"Brock_def_atk_area",,,,"brock_def_atk_trail","true",,,,"UseZFrames",,,,,,,,,,,,,,,,,,,,,,,,,,,,,,,,,,,,,,,,,,,
"RocketGirlUltiProjectile",,870,"sc/effects_brawler.sc","sc3d/brock_rocket_blue.scw","sc3d/brock_rocket_red.scw","brock_def_ulti_tail_blue","brock_def_ulti_tail_red","shadow_normal_circle",,,,,,"Gen_hit","Gen_hit",,0,"true","true",,,93,2,0,120,,"Brock_def_ulti_area",,,,"brock_def_ulti_trail","true",,,,"UseZFrames",,,,,,,,,,,,,,,,,,,,,,,,,,,,,,,,,,,,,,,,,,,
"Brock002Projectile","RocketGirlProjectile",,"sc/effects_brawler.sc","sc3d/brock_rocket_blue.scw","sc3d/brock_rocket_red.scw","brock_002_atk_tail_blue","brock_002_atk_tail_red","shadow_normal_circle",,,,,,"Gen_hit","Gen_hit",,,,,,,0,,0,120,,"Brock_002_atk_area",,,,"brock_def_atk_trail","true",,,,"UseZFrames",,,,,,,,,,,,,,,,,,,,,,,,,,,,,,,,,,,,,,,,,,,
"Brock002UltiProjectile","RocketGirlUltiProjectile",,"sc/effects_brawler.sc","sc3d/brock_rocket_blue.scw","sc3d/brock_rocket_red.scw","brock_def_ulti_tail_blue","brock_def_ulti_tail_red","shadow_normal_circle",,,,,,"Gen_hit","Gen_hit",,,,,,,93,,0,120,,"Brock_002_ulti_area",,,,"brock_def_ulti_trail","true",,,,"UseZFrames",,,,,,,,,,,,,,,,,,,,,,,,,,,,,,,,,,,,,,,,,,,
"Brock003Projectile","RocketGirlProjectile",,"sc/effects_brawler.sc","sc3d/brock_003_atk_blue.scw","sc3d/brock_003_atk_red.scw","brock_def_atk_tail_blue","brock_def_atk_tail_red","shadow_normal_circle",,,,,,"Gen_hit","Gen_hit",,,,,,,0,,0,120,,"Brock_def_atk_area",,,,"brock_def_atk_trail","true",,,,"UseZFrames",,,,,,,,,,,,,,,,,,,,,,,,,,,,,,,,,,,,,,,,,,,
"Brock003UltiProjectile","RocketGirlUltiProjectile",,"sc/effects_brawler.sc","sc3d/brock_003_atk_blue.scw","sc3d/brock_003_atk_red.scw","brock_def_ulti_tail_blue","brock_def_ulti_tail_red","shadow_normal_circle",,,,,,"Gen_hit","Gen_hit",,,,,,,93,,0,120,,"Brock_def_ulti_area",,,,"brock_def_ulti_trail","true",,,,"UseZFrames",,,,,,,,,,,,,,,,,,,,,,,,,,,,,,,,,,,,,,,,,,,
"Brock004Projectile","RocketGirlProjectile",,"sc/effects_brawler.sc","sc3d/brock_004_atk_blue.scw","sc3d/brock_004_atk_red.scw","brock_004_atk_tail_blue","brock_004_atk_tail_red","shadow_normal_circle",,,,,,"Gen_hit","Gen_hit",,,,,,,0,,0,120,,"Brock_004_atk_area",,,,"brock_004_atk_trail","true",,,,"UseZFrames",,,,,,,,,,,,,,,,,,,,,,,,,,,,,,,,,,,,,,,,,,,
"Brock004UltiProjectile","RocketGirlUltiProjectile",,"sc/effects_brawler.sc","sc3d/brock_004_atk_blue.scw","sc3d/brock_004_atk_red.scw","brock_004_ulti_tail","brock_004_ulti_tail_red","shadow_normal_circle",,,,,,"Gen_hit","Gen_hit",,,,,,,93,,0,120,,"Brock_004_ulti_area",,,,"brock_004_ulti_trail","true",,,,"UseZFrames",,,,,,,,,,,,,,,,,,,,,,,,,,,,,,,,,,,,,,,,,,,
"TrickshotDudeProjectile",,3478,"sc/effects_brawler.sc",,,"rico_def_atk_bullet_blue","rico_def_atk_bullet_red","shadow_normal_circle",,,,,,"Trickshot_hit_env","Gen_hit","rico_def_atk_reached",101,,,,,0,3,0,130,,,,,,,"true",,"true",500,,,,,,,,,,,,,,,,,,,,,,,,,"true",,,,,,,,,,,,,,,,,,,
"TrickshotDudeUltiProjectile",,4891,"sc/effects_brawler.sc",,,"rico_def_ulti_bullet_blue","rico_def_ulti_bullet_red","shadow_normal_circle",,,,,,"Trickshot_hit_env","Gen_hit","rico_def_ulti_reached",101,,,,,0,3,0,130,,,,,,"rico_ulti_trail_twinkles","true",,"true",500,,"true",,,,,,,,,,,,,,,,,,,,,,,"true",,,,,,,,,,,,,,,,,,,
"Rico002Projectile","TrickshotDudeProjectile",,"sc/effects_brawler.sc",,,"rico_002_atk_bullet_blue","rico_002_atk_bullet_red","shadow_normal_circle",,,,,,"rico_002_hit_env","rico_002_hit_env","rico_002_atk_reached",,,,,,0,,0,130,,,,,,,"true",,,,,,,,,,,,,,,,,,,,,,,,,,,,"true",,,,,,,,,,,,,,,,,,,
"Rico002UltiProjectile","TrickshotDudeUltiProjectile",,"sc/effects_brawler.sc",,,"rico_002_ulti_bullet_blue","rico_002_ulti_bullet_red","shadow_normal_circle",,,,,,"rico_002_hit_env_ulti","rico_002_hit_env_ulti","rico_002_ulti_reached",,,,,,0,,0,130,,,,,,"rico_ulti_trail_twinkles","true",,,,,,,,,,,,,,,,,,,,,,,,,,,,"true",,,,,,,,,,,,,,,,,,,
"Rico003Projectile","TrickshotDudeProjectile",,"sc/effects_brawler.sc",,,"rico_003_atk_bullet_blue","rico_003_atk_bullet_red","shadow_normal_circle",,,,,,"rico_002_hit_env","rico_002_hit_env","rico_003_atk_reached",,,,,,0,,0,130,,,,,,"rico_003_atk_trail","true",,,,,,,,,,,,,,,,,,,,,,,,,,,,"true",,,,,,,,,,,,,,,,,,,
"Rico003UltiProjectile","TrickshotDudeUltiProjectile",,"sc/effects_brawler.sc",,,"rico_003_ulti_bullet_blue","rico_003_ulti_bullet_red","shadow_normal_circle",,,,,,"rico_002_hit_env_ulti","rico_002_hit_env_ulti","rico_003_ulti_reached",,,,,,0,,0,130,,,,,,"rico_003_atk_trail","true",,,,,,,,,,,,,,,,,,,,,,,,,,,,"true",,,,,,,,,,,,,,,,,,,
"CactusProjectile",,2174,"sc/effects_brawler.sc",,,"spike_def_atk1_projectie","spike_def_atk1_projectile_red","shadow_normal_circle",,,,,,"Gen_hit","Gen_hit",,150,,,,,0,2,0,120,,"CactusExplosion","CactusSpikeExplosion",,,,"true",,,,"UseZFrames",,,,,,,,,,,,,,,,,,,,,,,,,,,,,,,,,,,,,,,,,,,
"CactusUltiProjectile",,1739,"sc/effects_brawler.sc",,,"spike_def_ulti_projectile","spike_def_ulti_projectile_red","shadow_normal_circle",,,,,,"Gen_hit","Gen_hit",,0,"true",,,,240,1,0,100,,"CactusUltiExplosion",,,,"Gen_Trail_dust","true",,,,,,,,,,,,,,,,,,,,,,,,,,,,,,,,,,,,,,,,,,,,,,,
"CactusSpike",,3261,"sc/effects_brawler.sc",,,"spike_def_atk2_projectile","spike_def_atk2_projectile_red","shadow_normal_circle",,,,,,"Gen_hit","Gen_hit","spike_def_atk2_reached",50,,,,,0,1,0,100,,,,,,,"true",,,,,,,,,,,,,,,,,,,,,,,,,,,,,,,,,,,,,,,,,,,,,,,
"Spike002Projectile","CactusProjectile",,"sc/effects_brawler.sc",,,"spike_002_atk1_projectile_blue","spike_002_atk1_projectile_red","shadow_normal_circle",,,,,,"Gen_hit","Gen_hit",,,,,,,0,,0,120,,"Spike_002_atk1_explosion","Spike_002_atk2",,,"spike_002_atk1_trail","true",,,,"DoNotRotateClip",,,,,,,,,,,,,,,,,,,,,,,,,,,,,,,,,,,,,,,,,,,
"Spike002UltiProjectile","CactusUltiProjectile",,"sc/effects_brawler.sc",,,"spike_002_ulti_projectile_blue","spike_002_ulti_projectile_red","shadow_normal_circle",,,,,,"Gen_hit","Gen_hit",,,,,,,240,,0,100,,"Spike_002_ulti_explosion",,,,"spike_002_atk1_trail","true",,,,"DoNotRotateClip",,,,,,,,,,,,,,,,,,,,,,,,,,,,,,,,,,,,,,,,,,,
"Spike002Spike","CactusSpike",,"sc/effects_brawler.sc",,,"spike_002_atk2_projectile","spike_002_atk2_projectile_red","shadow_normal_circle",,,,,,"Gen_hit","Gen_hit","spike_002_atk2_reached",,,,,,0,,0,100,,,,,,,"true",,,,,,,,,,,,,,,,,,,,,,,,,,,,,,,,,,,,,,,,,,,,,,,
"Spike003Projectile","CactusProjectile",,"sc/effects_brawler.sc",,,"spike_003_atk1_projectile","spike_003_atk1_projectile_red","shadow_normal_circle",,,,,,"Gen_hit","Gen_hit",,,,,,,0,,0,120,,"Spike_003_atk1_explosion","Spike_003_atk2",,,"spike_003_atk1_trail","true",,,,,,,,,,,,,,,,,,,,,,,,,,,,,,,,,,,,,,,,,,,,,,,
"Spike003Frag","CactusSpike",,"sc/effects_brawler.sc",,,"spike_003_atk2_projectile","spike_003_atk2_projectile_red","shadow_normal_circle",,,,,,"Gen_hit","Gen_hit","spike_003_atk2_reached",,,,,,0,,0,100,,,,,,,"true",,,,,,,,,,,,,,,,,,,,,,,,,,,,,,,,,,,,,,,,,,,,,,,
"Spike003UltiProjectile","CactusUltiProjectile",,"sc/effects_brawler.sc",,,"spike_003_ulti_projectile","spike_003_ulti_projectile_red","shadow_normal_circle",,,,,,"Gen_hit","Gen_hit",,,,,,,240,,0,100,,"Spike_003_ulti_explosion",,,,"spike_003_ulti_trail","true",,,,"DoNotRotateClip",,,,,,,,,,,,,,,,,,,,,,,,,,,,,,,,,,,,,,,,,,,
"Jessie002Projectile1","MechanicProjectile1",,"sc/effects_brawler.sc",,,"jessie_002_atk_projectile","jessie_002_atk_projectile_red","shadow_normal_circle_big",,,,,,"jessie_002_atk_hitEnv","jessie_002_atk_hit","jessie_002_atk_end",,,,,,0,,0,150,,,,,,"jessie_002_atk_trail","true",,,,,,,,,,,,,"Jessie002Projectile2",,,,,,,,,,,,,,,,,,,,,,,,,,,,,,,,,,
"Jessie002Projectile2","MechanicProjectile2",,"sc/effects_brawler.sc",,,"jessie_002_atk_projectile","jessie_002_atk_projectile_red","shadow_normal_circle_big",,,,,,"jessie_002_atk_hitEnv","jessie_002_atk_hit","jessie_002_atk_end",,,,,,0,,0,150,,,,,,"jessie_002_atk_trail","true",,,,,,,,,,,,,"Jessie002Projectile3",,,,,,,,,,,,,,,,,,,,,,,,,,,,,,,,,,
"Jessie002Projectile3","MechanicProjectile3",,"sc/effects_brawler.sc",,,"jessie_002_atk_projectile","jessie_002_atk_projectile_red","shadow_normal_circle_big",,,,,,"jessie_002_atk_hitEnv","jessie_002_atk_hit","jessie_002_atk_end",,,,,,0,,0,150,,,,,,"jessie_002_atk_trail","true",,,,,,,,,,,,,,,,,,,,,,,,,,,,,,,,,,,,,,,,,,,,,,,
"Jessie002UltiProjectile","MechanicUltiProjectile",,"sc/effects_brawler.sc",,,"jessie_002_ulti_projectile","jessie_002_ulti_projectile","shadow_normal_circle",,,,,,"Gen_hit","Gen_hit",,,,,,,170,,0,100,,,,,,"plasma_trail","true",,,,,,,,,,,,,,,,,,,,,,,,,,,,,,,,,,,,,,,,,,,,,,,
"JessieTurret002Projectile","MechanicTurretProjectile",,"sc/effects_brawler.sc",,,"jessie_002_turret_projectile","jessie_002_turret_projectile_red","shadow_normal_circle",,,,,,"jessie_002_turret_hitEnv","jessie_002_turret_hit","jessie_002_turret_hitEnv",,,,,,0,,0,100,,,,,,"jessie_002_turret_trail",,,,,,,,,,,,,,,,,,,,,,,,,,,,,,,,,,,,,,,,,,,,,,,,
"Jessie003Projectile1","MechanicProjectile1",,"sc/effects_brawler.sc",,,"jessie_003_atk_projectile","jessie_003_atk_projectile_red",,"projectile_light","projectile_light_red",,,,"jessie_003_atk_end","jessie_003_atk_hit","jessie_003_atk_end",,,,,,0,,0,150,,,,,,"jessie_003_atk_trail","true",,,,,,,,,,,,,"Jessie003Projectile2",,,,,,,,,,,,,,,,,,,,,,,,,,,,,,,,,,
"Jessie003Projectile2","MechanicProjectile2",,"sc/effects_brawler.sc",,,"jessie_003_atk_projectile","jessie_003_atk_projectile_red",,"projectile_light","projectile_light_red",,,,"jessie_003_atk_end","jessie_003_atk_hit","jessie_003_atk_end",,,,,,0,,0,150,,,,,,"jessie_003_atk_trail","true",,,,,,,,,,,,,"Jessie003Projectile3",,,,,,,,,,,,,,,,,,,,,,,,,,,,,,,,,,
"Jessie003Projectile3","MechanicProjectile3",,"sc/effects_brawler.sc",,,"jessie_003_atk_projectile","jessie_003_atk_projectile_red",,"projectile_light","projectile_light_red",,,,"jessie_003_atk_end","jessie_003_atk_hit","jessie_003_atk_end",,,,,,0,,0,150,,,,,,"jessie_003_atk_trail","true",,,,,,,,,,,,,,,,,,,,,,,,,,,,,,,,,,,,,,,,,,,,,,,
"Jessie003UltiProjectile","MechanicUltiProjectile",,"sc/effects_brawler.sc",,,"jessie_003_ulti_projectile","jessie_003_ulti_projectile_red","shadow_normal_circle",,,,,,"Gen_hit","Gen_hit",,,,,,,170,,0,100,,,,,,"plasma_trail","true",,,,,,,,,,,,,,,,,,,,,,,,,,,,,,,,,,,,,,,,,,,,,,,
"JessieTurret003Projectile","MechanicTurretProjectile",,"sc/effects_brawler.sc",,,"jessie_003_turret_projectile","jessie_003_turret_projectile_red",,"projectile_light","projectile_light_red",,,,"jessie_003_turret_hitEnv","jessie_003_turret_hit","jessie_003_turret_reached",,,,,,0,,0,100,,,,,,"jessie_003_turret_trail",,,,,,,,,,,,,,,,,,,,,,,,,,,,,,,,,,,,,,,,,,,,,,,,
"Turret003Proj","TurretElecProj",,"sc/effects_brawler.sc",,,"jessie_003_atk_projectile","jessie_003_atk_projectile_red",,"projectile_light","projectile_light_red",,,,"jessie_003_turret_SP_end","jessie_003_turret_hit","jessie_003_turret_SP_end",,,,,,0,,0,80,,,,,,,,,,,,,,,,,,,,"Turret003Proj2",,,,,,,,,,,,,,,,,,,,,,,,,,,,,,,,,,
"Turret003Proj2","TurretElecProj2",,"sc/effects_brawler.sc",,,"jessie_003_atk_projectile","jessie_003_atk_projectile_red",,"projectile_light","projectile_light_red",,,,"jessie_003_turret_SP_end","jessie_003_turret_hit","jessie_003_turret_SP_end",,,,,,0,,0,80,,,,,,,,,,,,,,,,,,,,"Turret003Proj3",,,,,,,,,,,,,,,,,,,,,,,,,,,,,,,,,,
"Turret003Proj3","TurretElecProj3",,"sc/effects_brawler.sc",,,"jessie_003_atk_projectile","jessie_003_atk_projectile_red",,"projectile_light","projectile_light_red",,,,"jessie_003_turret_SP_end","jessie_003_turret_hit","jessie_003_turret_SP_end",,,,,,0,,0,80,,,,,,,,,,,,,,,,,,,,,,,,,,,,,,,,,,,,,,,,,,,,,,,,,,,,,,
"Jessie004Projectile1","MechanicProjectile1",,"sc/effects_brawler.sc",,,"jessie_004_atk_projectile","jessie_004_atk_projectile_red",,"projectile_light","projectile_light_red",,,,"jessie_004_atk_end","jessie_004_atk_hit","jessie_004_atk_end",,,,,,0,,0,150,,,,,,"jessie_004_atk_trail","true",,,,,,,,,,,,,"Jessie004Projectile2",,,,,,,,,,,,,,,,,,,,,,,,,,,,,,,,,,
"Jessie004Projectile2","MechanicProjectile2",,"sc/effects_brawler.sc",,,"jessie_004_atk_projectile","jessie_004_atk_projectile_red",,"projectile_light","projectile_light_red",,,,"jessie_004_atk_end","jessie_004_atk_hit","jessie_004_atk_end",,,,,,0,,0,150,,,,,,"jessie_004_atk_trail","true",,,,,,,,,,,,,"Jessie004Projectile3",,,,,,,,,,,,,,,,,,,,,,,,,,,,,,,,,,
"Jessie004Projectile3","MechanicProjectile3",,"sc/effects_brawler.sc",,,"jessie_004_atk_projectile","jessie_004_atk_projectile_red",,"projectile_light","projectile_light_red",,,,"jessie_004_atk_end","jessie_004_atk_hit","jessie_004_atk_end",,,,,,0,,0,150,,,,,,"jessie_004_atk_trail","true",,,,,,,,,,,,,,,,,,,,,,,,,,,,,,,,,,,,,,,,,,,,,,,
"Jessie004UltiProjectile","MechanicUltiProjectile",,"sc/effects_brawler.sc",,,"jessie_004_ulti_projectile","jessie_004_ulti_projectile_red","shadow_normal_circle",,,,,,"Gen_hit","Gen_hit",,,,,,,170,,0,100,,,,,,"plasma_trail","true",,,,,,,,,,,,,,,,,,,,,,,,,,,,,,,,,,,,,,,,,,,,,,,
"JessieTurret004Projectile","MechanicTurretProjectile",,"sc/effects_brawler.sc",,,"jessie_004_turret_projectile","jessie_004_turret_projectile_red",,"projectile_light","projectile_light_red",,,,"jessie_004_turret_hitEnv","jessie_004_turret_hit","jessie_004_turret_reached",,,,,,0,,0,100,,,,,,"jessie_004_turret_trail",,,,,,,,,,,,,,,,,,,,,,,,,,,,,,,,,,,,,,,,,,,,,,,,
"Turret004Proj","TurretElecProj",,"sc/effects_brawler.sc",,,"jessie_004_atk_projectile","jessie_004_atk_projectile_red",,"projectile_light","projectile_light_red",,,,"jessie_004_turret_SP_end","jessie_004_turret_hit","jessie_004_turret_SP_end",,,,,,0,,0,80,,,,,,,,,,,,,,,,,,,,"Turret004Proj2",,,,,,,,,,,,,,,,,,,,,,,,,,,,,,,,,,
"Turret004Proj2","TurretElecProj2",,"sc/effects_brawler.sc",,,"jessie_004_atk_projectile","jessie_004_atk_projectile_red",,"projectile_light","projectile_light_red",,,,"jessie_004_turret_SP_end","jessie_004_turret_hit","jessie_004_turret_SP_end",,,,,,0,,0,80,,,,,,,,,,,,,,,,,,,,"Turret004Proj3",,,,,,,,,,,,,,,,,,,,,,,,,,,,,,,,,,
"Turret004Proj3","TurretElecProj3",,"sc/effects_brawler.sc",,,"jessie_004_atk_projectile","jessie_004_atk_projectile_red",,"projectile_light","projectile_light_red",,,,"jessie_004_turret_SP_end","jessie_004_turret_hit","jessie_004_turret_SP_end",,,,,,0,,0,80,,,,,,,,,,,,,,,,,,,,,,,,,,,,,,,,,,,,,,,,,,,,,,,,,,,,,,
"MechanicProjectile1",,2609,"sc/effects_brawler.sc",,,"jessie_elecBall_blue","jessie_elecBall_red",,"projectile_light","projectile_light_red",,,,"Electricity_hit","Electricity_hit","electricity_end_blue",150,,,,,0,2,0,150,,,,,,"electricity_Trail","true",,,,,,,,,1,,,20,"MechanicProjectile2",,,,,,,,,,,,,,,,,,,,,,,,,,,,,,,,,,
"MechanicProjectile2",,1522,"sc/effects_brawler.sc",,,"jessie_elecBall_blue","jessie_elecBall_red",,"projectile_light","projectile_light_red",,,,"Electricity_hit","Electricity_hit","electricity_end_blue",150,,,,,0,1,0,150,,,,,,"electricity_Trail","true",,,,,,,,,1,,,20,"MechanicProjectile3",,,,,,,,,,,,,,,,,,,,,,,,,,,,,,,,,,
"MechanicProjectile3",,1522,"sc/effects_brawler.sc",,,"jessie_elecBall_blue","jessie_elecBall_red",,"projectile_light","projectile_light_red",,,,"Electricity_hit","Electricity_hit","electricity_end_blue",150,,,,,0,1,0,150,,,,,,"electricity_Trail","true",,,,,,,,,,,,,,,,,,,,,,,,,,,,,,,,,,,,,,,,,,,,,,,
"MechanicUltiProjectile",,1196,"sc/effects_brawler.sc",,,"jessie_def_ulti_projectile","jessie_def_ulti_projectile","shadow_normal_circle",,,,,,"Gen_hit","Gen_hit",,0,"true",,,,170,1,0,100,,,,,,"plasma_trail","true",,,,,,,,,,,,,,,,,,,,,,,,,,,,,,,,,,,,,,,,,,,,,,,
"ShamanProjectile",,2718,"sc/effects_brawler.sc",,,"nita_def_atk_blue","nita_def_atk_red","shadow_normal_circle",,,,,,"Gen_hit","Gen_hit","nita_def_atk_end_blue",250,,,,,0,1,0,100,,,,,,"nita_def_atk_trail","true",,,,"DoNotRotateClip","true",,,,,,,,,,,,,,,,,,,,,,,,,,,,,,,,,,,,,,,,,,
"ShamanUltiProjectile",,1196,"sc/effects_brawler.sc",,,"nita_def_ulti_projectile_blue","nita_def_ulti_projectile_red","shadow_normal_circle",,,,,,"Gen_hit","Gen_hit",,0,"true",,,,170,1,0,100,,,,,,"nita_def_ulti_trail","true",,,,,,,,,,,,,,,,,,,,,,,,,,,,,,,,,,,,,,,,,,,,,,,
"BarkeepProjectile",,1750,"sc/effects_brawler.sc",,,"barley_def_atk_projectile","barley_def_atk_projectile_red","shadow_normal_circle",,,,,,"Gen_hit","Gen_hit",,0,"true",,,,240,1,0,100,1,"Barley_def_atk",,,,"barley_def_atk_trail","true",,,,,,,,,,,,,,,,,,,,,,,,,,,,,,,,,,,,,,,,,,,,,,,
"BarkeepUltiProjectile",,1504,"sc/effects_brawler.sc",,,"barley_def_ulti_projectile","barley_def_ulti_projectile_red","shadow_normal_circle",,,,,,"Gen_hit","Gen_hit",,0,"true",,,,170,1,0,100,1,"Barley_def_ulti",,,,"barley_def_ulti_trail","true",,,,,,,,,,,,,,,,,,,,,,,,,,,,,,,,,,,,,,,,2100,,,,,,,
"Barley002Projectile","BarkeepProjectile",,"sc/effects_brawler.sc",,,"fireball_blue","fireball_red",,"projectile_fire_blue","projectile_fire_red",,,,"Gen_hit","Gen_hit",,0,"true",,,,240,,0,100,1,"Barley_002_atk",,,,"barley_002_trail","true",,,,"UseZFrames",,,,,,,,,,,,,,,,,,,,,,,,,,,,,,,,,,,,,,,,,,,
"Barley002UltiProjectile","BarkeepUltiProjectile",,"sc/effects_brawler.sc",,,"fireball_blue","fireball_red",,"projectile_fire_blue","projectile_fire_red",,,,"Gen_hit","Gen_hit",,0,"true",,,,170,,0,100,1,"Barley_002_ulti",,,,"barley_002_trail","true",,,,"UseZFrames",,,,,,,,,,,,,,,,,,,,,,,,,,,,,,,,,,,,,,,,,,,
"Barley003Projectile","BarkeepProjectile",,"sc/effects_brawler.sc",,,"barley_003_atk_projectile","barley_003_atk_projectile_red","shadow_normal_circle",,,,,,"Gen_hit","Gen_hit",,0,"true",,,,240,,0,100,1,"Barley_def_atk",,,,"barley_def_atk_trail","true",,,,"UseZFrames",,,,,,,,,,,,,,,,,,,,,,,,,,,,,,,,,,,,,,,,,,,
"Barley003UltiProjectile","BarkeepUltiProjectile",,"sc/effects_brawler.sc",,,"barley_003_ulti_projectile","barley_003_ulti_projectile_red","shadow_normal_circle",,,,,,"Gen_hit","Gen_hit",,0,"true",,,,170,,0,100,1,"Barley_def_ulti",,,,"barley_def_ulti_trail","true",,,,"UseZFrames",,,,,,,,,,,,,,,,,,,,,,,,,,,,,,,,,,,,,,,,,,,
"Barley004Projectile","BarkeepProjectile",,"sc/effects_brawler.sc",,,"barley_004_atk_projectile","barley_004_atk_projectile_red","shadow_normal_circle",,,,,,"Gen_hit","Gen_hit",,0,"true",,,,240,,0,100,1,"Barley_004_atk",,,,"barley_004_atk_trail","true",,,,,,,,,,,,,,,,,,,,,,,,,,,,,,,,,,,,,,,,,,,,,,,
"Barley004UltiProjectile","BarkeepUltiProjectile",,"sc/effects_brawler.sc",,,"barley_004_ulti_projectile","barley_004_ulti_projectile_red","shadow_normal_circle",,,,,,"Gen_hit","Gen_hit",,0,"true",,,,170,,0,100,1,"Barley_004_ulti",,,,"barley_004_atk_trail","true",,,,"UseZFrames",,,,,,,,,,,,,,,,,,,,,,,,,,,,,,,,,,,,,,,,,,,
"Barley005Projectile","BarkeepProjectile",,"sc/effects_brawler.sc","sc3d/barley_005_atk_blue.scw","sc3d/barley_005_atk_red.scw",,,"shadow_normal_circle",,,,,,"Gen_hit","Gen_hit",,0,"true",,,,240,,0,100,1,"Barley_005_atk",,,,"barley_005_atk_trail","true",,,,,,,,,,,,,,,,,,,,,,,,,,,,,,,,,,,,,,,,,,,,,,,
"Barley005UltiProjectile","BarkeepUltiProjectile",,"sc/effects_brawler.sc","sc3d/barley_005_atk_blue.scw","sc3d/barley_005_atk_red.scw",,,"shadow_normal_circle",,,,,,"Gen_hit","Gen_hit",,0,"true",,,,170,,0,100,1,"Barley_005_ulti",,,,"barley_005_ulti_trail","true",,,,"UseZFrames",,,,,,,,,,,,,,,,,,,,,,,,,,,,,,,,,,,,,,,,,,,
"TntDudeProjectile",,1900,"sc/effects_brawler.sc",,,"dynamike_tnt_blue","dynamike_tnt_red","dynamike_tnt_shadow",,,,,,"Gen_hit","Gen_hit",,0,"true",,1100,35,430,1,0,100,,"TntDudeExplosion",,,,"fire_spark_trail","true",,,,"DoNotRotateClip",,,,,,,,,,,,,,,,,,,,,,,,,,,,,,,,,,,,1000,,,,,,,
"TntDudeUltiProjectile",,1600,"sc/effects_brawler.sc",,,"dynamite_bundle_ulti","dynamite_bundle_ulti_red","shadow_normal_circle",,,,,,"Gen_hit","Gen_hit",,0,"true",,1300,35,330,1,0,100,,"TntDudeUltiExplosion",,,,"fire_spark_trail_huge","true",,,,"DoNotRotateClip",,,,,,,,,,,,,,,,,,,,,,,,,,,,,,,,,,,,,,,,,,,
"TntDudeSantaProjectile","TntDudeProjectile",,"sc/effects_brawler.sc",,,"dynamike_santa_attack_anim_blue","dynamike_santa_attack_anim_red","shadow_normal_circle",,,,,,"Gen_hit","Gen_hit",,0,"true",,,35,430,,0,100,1,"TntDudeExplosion",,,,"fire_spark_trail","true",,,,"DoNotRotateClip",,,,,,,,,,,,,,,,,,,,,,,,,,,,,,,,,,,,,,,,,,,
"TntDudeSantaUltiProjectile","TntDudeUltiProjectile",,"sc/effects_brawler.sc",,,"dynamike_santa_ulti_anim_blue","dynamike_santa_ulti_anim_red","shadow_normal_circle",,,,,,"Gen_hit","Gen_hit",,0,"true",,,35,330,,0,100,,"TntDudeUltiExplosion",,,,"fire_spark_trail_huge","true",,,,"DoNotRotateClip",,,,,,,,,,,,,,,,,,,,,,,,,,,,,,,,,,,,,,,,,,,
"TntDudeChefProjectile","TntDudeProjectile",,"sc/effects_brawler.sc",,,"dynamike_chef_attack_anim_blue","dynamike_chef_attack_anim_red","shadow_normal_circle",,,,,,"Gen_hit","Gen_hit",,0,"true",,,35,430,,0,100,1,"TntDudeExplosion",,,,"fire_spark_trail","true",,,,"DoNotRotateClip",,,,,,,,,,,,,,,,,,,,,,,,,,,,,,,,,,,,,,,,,,,
"TntDudeChefUltiProjectile","TntDudeUltiProjectile",,"sc/effects_brawler.sc",,,"dynamike_chef_ulti_anim_blue","dynamike_chef_ulti_anim_red","shadow_normal_circle",,,,,,"Gen_hit","Gen_hit",,0,"true",,,35,330,,0,100,,"TntDudeUltiExplosion",,,,"fire_spark_trail_huge","true",,,,"DoNotRotateClip",,,,,,,,,,,,,,,,,,,,,,,,,,,,,,,,,,,,,,,,,,,
"Mike003Projectile","TntDudeProjectile",,"sc/effects_brawler.sc","sc3d/dynamike_003_atk_projectile_blue.scw","sc3d/dynamike_003_atk_projectile_red.scw","dynamike_004_ulti_tail_blue","dynamike_004_ulti_tail_red","shadow_normal_circle",,,,,,"Gen_hit","Gen_hit",,0,"true",,,35,430,,0,100,,"TntDudeExplosion",,,,"dynamike_003_atk_trail","true",,,,"UseZFrames",,,,,,,,,,,,,,,,,,,,,,,,,,,,,,,,,,,,,,,,,,,
"Mike003UltiProjectile","TntDudeUltiProjectile",,"sc/effects_brawler.sc","sc3d/dynamike_003_ulti_projectile_blue.scw","sc3d/dynamike_003_ulti_projectile_red.scw","dynamike_004_ulti_tail_blue","dynamike_004_ulti_tail_red","shadow_normal_circle",,,,,,"Gen_hit","Gen_hit",,0,"true",,,35,330,,0,100,,"TntDudeUltiExplosion",,,,"dynamike_003_ulti_trail","true",,,,"UseZFrames",,,,,,,,,,,,,,,,,,,,,,,,,,,,,,,,,,,,,,,,,,,
"BoneThrowerProjectile",,1305,"sc/effects.sc",,,"basic_grenade_projectile","basic_grenade_projectile_red","shadow_normal_circle",,,,,,"Gen_hit","Gen_hit",,0,"true",,4000,35,150,1,0,100,,,,,,"Gen_Trail","true",,,,,,,,,,,,,,,,,,,,,,"true",,,,,,,,,,,,,,,,,,,,,,,,,
"BoneThrowerUltiProjectile",,1305,"sc/effects.sc",,,"projectile_plasmaball","projectile_plasmaball_red","shadow_normal_circle",,,,,,"Gen_hit","Gen_hit",,0,"true",,15000,35,150,1,0,100,,,,,,"trail_temp","true",,,,,,,,,,,,,,,,,,,,,,"true",,,,,,,,,,,,,,,,,,,,,,,,,
"DummyProjectileForLaserBall",,2499,"sc/effects.sc",,,"projectile_small_blue","projectile_small_red",,"projectile_light","projectile_light_red",,,,"Gen_hit","Gen_hit","no_hit",0,,,,,0,1,0,100,,,,,,"Gen_Trail_small","true",,"true",0,,,,,,,,,,,,,,,,,,,,,,,,,,,,,,,,,,,,,,,,,,,,
"MechanicTurretProjectile",,3478,"sc/effects.sc",,,"Bullet_blue","Bullet_red","shadow_normal_circle",,,,,,"Gen_hit","Gen_hit","no_hit",0,,,,,0,2,0,100,,,,,,,,,,,,,,,,,,,,,,,,,,,,,,,,,,,,,,,,,,,,,,,,,,,,,,
"UndertakerUltiProjectile",,2718,"sc/effects.sc",,,"bat_clump_projectile","bat_clump_projectile_red","shadow_normal_circle",,,,,,"Gen_hit","Gen_hit",,400,,,,,0,1,0,100,,,,,,"Bats","true",,,,,"true",,,,,,,,,,,,,,,,,,100,"true",,,,,,,,,,,,,,,,,,,,,,,
"CrowProjectile",,3261,"sc/effects_brawler.sc",,,"crow_def_atk_projectile","crow_def_atk_projectile_red","shadow_normal_circle",,,,,,"Gen_hit","Poison_hit","no_hit",50,,,,,0,2,0,100,,,,,,"poison_trail","true",,,,,,,,,,,,,,,,,,,,,,,,,100,,,,,,,,,,,,,,,,,,,,,1,
"CrowUltiProjectile",,3261,"sc/effects_brawler.sc",,,"crow_def_ulti_projectile","crow_def_ulti_projectile_red","shadow_normal_circle",,,,,,"Gen_hit","Poison_hit","no_hit",50,,,,,0,1,0,100,,,,,,"poison_trail","true",,,,,,,,,,,,,,,,,,,,,,,,,100,,,,,,,,,,,,,,,,,,,,,1,
"Crow002Projectile","CrowProjectile",,"sc/effects_brawler.sc",,,"crow_002_atk_projectile","crow_002_atk_projectile_red","shadow_normal_circle",,,,,,"Gen_hit","crow_002_hit","crow_002_atk_reachaed",50,,,,,0,,0,100,,,,,,"crow_002_ulti_trail","true",,,,,,,,,,,,,,,,,,,,,,,,,,,,,,,,,,,,,,,,,,,,,,3,
"Crow002UltiProjectile","CrowUltiProjectile",,"sc/effects_brawler.sc",,,"crow_002_ulti_projectile","crow_002_ulti_projectile_red","shadow_normal_circle",,,,,,"Gen_hit","Poison_hit","crow_002_atk_reachaed",50,,,,,0,,0,100,,,,,,"crow_002_ulti_trail","true",,,,,,,,,,,,,,,,,,,,,,,,,,,,,,,,,,,,,,,,,,,,,,3,
"DeadMariachiProjectile",,2500,"sc/effects_brawler.sc",,,"poco_def_atk_blue","poco_def_atk_red",,,,,,,"poco_def_hit_env","poco_def_hit_char","poco_def_atk_end",150,,,,,0,4,0,80,,,,,,"poco_def_atk_trail","true",,,,"DoNotRotateClip","true",,,,,,,,,,,,,,,,,,,,,"true",,"true",,,,,,,,,,,,,,,,,,,
"DeadMariachiUltiProjectile",,5000,"sc/effects_brawler.sc",,,"poco_def_ulti","poco_def_ulti",,,,,,,"poco_def_ultiEnd","Mariachi_hit","poco_def_ultiEnd",400,,,,,0,1,0,100,,,,,,"poco_def_ulti_trail","true",,,,"DoNotRotateClip","true",,,,,,,,,,,,,,,,,,,"true",,"true",100,,,,,,,,,,,,,,,,,,,,
"Poco002Projectile","DeadMariachiProjectile",,"sc/effects_brawler.sc",,,"poco_002_atk_blue","poco_002_atk_red",,,,,,,"poco_002_hit_env","poco_002_hit_char","poco_002_atk_end",150,,,,,0,,0,80,,,,,,"poco_002_atk_trail","true",,,,"DoNotRotateClip",,,,,,,,,,,,,,,,,,,,,,,,"true",,,,,,,,,,,,,,,,,,,
"Poco002UltiProjectile","DeadMariachiUltiProjectile",,"sc/effects_brawler.sc",,,"poco_002_ulti","poco_002_ulti",,,,,,,"poco_002_ultiEnd","Mariachi_hit","poco_002_ultiEnd",400,,,,,0,,0,100,,,,,,"poco_002_ulti_trail","true",,,,"DoNotRotateClip",,,,,,,,,,,,,,,,,,,,,,,,,,,,,,,,,,,,,,,,,,,
"BowDudeSpawnMineProjectile",,2391,"sc/effects_brawler.sc","sc3d/bo_def_ulti_projectile_blue.scw","sc3d/bo_def_ulti_projectile_red.scw",,,"shadow_normal_circle",,,,,,,,,0,"true",,,,405,2,0,100,,"Bo_def_ulti1_area",,,,,"true",,,,"UseZFrames",,,,,,,,,,,,,,,,,,,,,,,,,,,,,,,,,,,,,,,,,,,
"BowDudeProjectile",,2609,"sc/effects_brawler.sc",,,"bo_def_atk","bo_def_atk_red","shadow_normal_circle",,,,,,,,,70,,,,,0,5,0,100,,"Brock_def_atk_area",,,,"fire_spark_trail","true",,,,,,,,,,,,,,,,,,,,,,,,,,,,,"true",,,,,,,,,,,,,,,,,,
"Bow002Projectile","BowDudeProjectile",,"sc/effects_brawler.sc",,,"bo_002_atk","bo_002_atk_red","shadow_normal_circle",,,,,,,,,,,,,,0,,0,100,,"Brock_def_atk_area",,,,"fire_spark_trail","true",,,,,,,,,,,,,,,,,,,,,,,,,,,,,"true",,,,,,,,,,,,,,,,,,
"Bow002UltiProjectile","BowDudeSpawnMineProjectile",,"sc/effects_brawler.sc","sc3d/bo_002_ulti_projectile_blue.scw","sc3d/bo_002_ulti_projectile_red.scw","bo_002_ulti_tail_blue","bo_002_ulti_tail_red","shadow_normal_circle",,,,,,,,,,,,,,405,,0,100,,"Bo_def_ulti1_area",,,,"bo_002_ulti_trail","true",,,,"UseZFrames",,,,,,,,,,,,,,,,,,,,,,,,,,,,,,,,,,,,,,,,,,,
"SniperProjectile",,4000,"sc/effects.sc",,,"sniper_bullet_blue","sniper_bullet_red","shadow_normal_circle",,,,,,"sniper_hit","sniper_hit","no_hit",101,,,,,0,3,0,100,,,,,,"Sniper_Trail","true",,,,,,,,,,,,,,,10,100,,,,,,,,,,,,"true",,,,,,,,,,,,,,,,,,,
"MinigunDudeProjectile",,4130,"sc/effects_brawler.sc",,,"pam_def_bullet","pam_def_bullet_red","shadow_normal_circle",,,,,,"pam_def_atk_hit","pam_def_atk_hit","pam_def_atk_reachaed",50,,,,,0,2,0,85,2,,,,,,"true",,,,,,,,,,,,,,,,,,,,,,,,,,,,,,,,,,,,,,,,,,,,,,,
"MinigunDudeUltiProjectile",,1196,"sc/effects_brawler.sc",,,"pam_def_ulti_projectile","pam_def_ulti_projectile_red","shadow_normal_circle",,,,,,,,,0,"true",,,,170,3,0,100,,,,,,"pam_def_ult_trail","true",,,,,,,,,,,,,,,,,,,,,,,,,,,,,,,,,,,,,,,,,,,,,,,
"LuchadorProjectile",,3261,"sc/effects_brawler.sc","sc3d/primo_def_atk_projectile_blue.scw","sc3d/primo_def_atk_projectile_red.scw",,,"shadow_normal_circle_big",,,,,,,"Lucha_hit",,150,,,,,0,1,0,80,,,,,,"lucha_smoke_Trail","true",,,,"UseZFrames","true",,,,,,,,,,,,,,,20,100,,,,,,,,"true",,,,,,,,,,,,,,,,,,
"BlackHoleProjectile",,3152,"sc/effects.sc",,,"playing_card","playing_card_red","shadow_normal_circle",,,,,,"blackhole_hit_envy","Gen_hit","blackhole_no_hit",100,,,,,0,2,0,100,,,,,,"sparkle_trail","true",,,,,"true",,,,,,,,,,,,,,,,,,,,,,,,,,,,,,,,,,,,,,,,,,
"BlackHoleUltiProjectile",,1522,"sc/effects.sc",,,"black_hole_projectile","black_hole_projectile_red","shadow_normal_circle",,,,,,"Gen_hit","Gen_hit",,0,"true",,,,200,1,0,100,,"BlackHoleUltiSuck","BlackHoleUltiExplosion",,,"sparkle_trail_dark","true",,,,"DoNotRotateClip",,,,,,,,,,,,,,,,,,,,,,,,,,,,,,,,,,,,,,,,,,,
"BarrelBotProjectile",,3044,"sc/effects_brawler.sc",,,"bullet_shotgun_def_blue_short","bullet_shotgun_def_red_short","shadow_normal_circle",,,,,,"Gen_hit","Gen_hit","bull_def_atk_reached",0,,,,,0,2,0,100,,,,,,,"true",,,,,,,,,,,,,,,,,,,,,,,,,,,,,,,,,,,,,,,,,,,,,,,
"Darryl002Projectile","BarrelBotProjectile",,"sc/effects_brawler.sc",,,"darryl_002_projectile_blue","darryl_002_projectile_red","shadow_normal_circle",,,,,,"darryl_002_atk_reached","Gen_hit","darryl_002_atk_reached",,,,,,0,,0,100,,,,,,"darryl_002_dumpling_trail","true",,,,,,,,,,,,,,,,,,,,,,,,,,,,,,,,,,,,,,,,,,,,,,,
"ArtilleryDudeProjectile",,3000,"sc/effects_brawler.sc",,,"penny_def_atk_projectile","penny_def_atk_projectile_red","shadow_normal_circle",,,,,,"penny_def_atk1_hit_env","penny_def_atk1_hit","penny_def_atk1_reached",150,,,,,0,2,0,120,,,,,,"penny_def_atk_trail","true",,,,,,,,,,3,100,16,"ArtilleryDudeProjectile2",,,,,,,,,,,,,,,,,,,,,,,,,,,,,,,,,,
"ArtilleryDudeProjectile2",,2500,"sc/effects_brawler.sc",,,"penny_def_atk2_projectile","penny_def_atk2_projectile_red","shadow_normal_circle",,,,,,"Gen_hit","penny_def_atk2_hit","penny_def_atk2_reached",101,,,,,0,2,0,60,,,,,,,"true",,,,,"true",,,,,,,,,,,,,,,,,,,,,,,,,,,,,,,,,,,,,,,,,,
"ArtilleryDudeUltiProjectile",,1196,"sc/effects_brawler.sc",,,"penny_def_ulti_projectile","penny_def_ulti_projectile_red","shadow_normal_circle",,,,,,"Gen_hit","Gen_hit",,0,"true",,,,139,1,0,100,,,,,,"plasma_trail","true",,,,"DoNotRotateClip",,,,,,,,,,,,,,,,,,,,,,,,,,,,,,,,,,,,,,,,,,,
"ArtilleryDudeTurretProjectile",,750,"sc/effects.sc",,,"cannon_projectile_blue","cannon_projectile_red","shadow_normal_circle",,,,,,"Gen_hit","Gen_hit",,0,"true","true",,,90,1,0,100,1,"ArtilleryDudeTurretExplosion",,,,"fire_spark_trail",,,,,,,,,,,,,,,,,,,,,,,,,,,,,,,,,,,,,,,,,,,,,,,,
"Penny002Projectile","ArtilleryDudeProjectile",,"sc/effects_brawler.sc",,,"penny_002_atk_projectile","penny_002_atk_projectile_red","shadow_normal_circle",,,,,,"penny_002_atk1_hit_env","penny_002_atk1_hit","penny_002_atk1_reached",,,,,,0,,0,120,,,,,,"penny_002_atk_trail","true",,,,,,,,,,,,,"Penny002Projectile2",,,,,,,,,,,,,,,,,,,,,,,,,,,,,,,,,,
"Penny002Projectile2","ArtilleryDudeProjectile2",,"sc/effects_brawler.sc",,,"penny_002_atk2_projectile","penny_002_atk2_projectile_red","shadow_normal_circle",,,,,,"Gen_hit","penny_def_atk2_hit","penny_002_atk2_reached",,,,,,0,,0,60,,,,,,,"true",,,,,,,,,,,,,,,,,,,,,,,,,,,,,,,,,,,,,,,,,,,,,,,
"Penny002UltiProjectile","ArtilleryDudeUltiProjectile",,"sc/effects_brawler.sc",,,"penny_002_ulti_projectile","penny_002_ulti_projectile_red","shadow_normal_circle",,,,,,"Gen_hit","Gen_hit",,,,,,,139,,0,100,,,,,,"penny_002_ulti_trail","true",,,,"DoNotRotateClip",,,,,,,,,,,,,,,,,,,,,,,,,,,,,,,,,,,,,,,,,,,
"Penny002TurretProjectile","ArtilleryDudeTurretProjectile",,"sc/effects.sc",,,"penny_002_atk_projectile","cannon_projectile_red","shadow_normal_circle",,,,,,"Gen_hit","Gen_hit",,,,"true",,,90,,0,100,1,"ArtilleryDudeTurretExplosion",,,,"fire_spark_trail",,,,,,,,,,,,,,,,,,,,,,,,,,,,,,,,,,,,,,,,,,,,,,,,
"Penny003Projectile","ArtilleryDudeProjectile",,"sc/effects_brawler.sc",,,"penny_003_atk_projectile","penny_003_atk_projectile_red","shadow_normal_circle",,,,,,"penny_003_atk1_hit_env","penny_003_atk1_hit","penny_003_atk1_reached",,,,,,0,,0,120,,,,,,"penny_003_atk_trail","true",,,,,,,,,,,,,"Penny003Projectile2",,,,,,,,,,,,,,,,,,,,,,,,,,,,,,,,,,
"Penny003Projectile2","ArtilleryDudeProjectile2",,"sc/effects_brawler.sc",,,"penny_003_atk2_projectile","penny_003_atk2_projectile_red","shadow_normal_circle",,,,,,"Gen_hit","penny_def_atk2_hit","penny_003_atk2_reached",,,,,,0,,0,60,,,,,,,"true",,,,,,,,,,,,,,,,,,,,,,,,,,,,,,,,,,,,,,,,,,,,,,,
"Penny003UltiProjectile","ArtilleryDudeUltiProjectile",,"sc/effects_brawler.sc",,,"penny_003_ulti_projectile","penny_003_ulti_projectile_red","shadow_normal_circle",,,,,,"Gen_hit","Gen_hit",,,,,,,139,,0,100,,,,,,"penny_003_ulti_trail","true",,,,"DoNotRotateClip",,,,,,,,,,,,,,,,,,,,,,,,,,,,,,,,,,,,,,,,,,,
"ShotgunGirlPetProjectile",,2826,"sc/effects.sc",,,"Bullet_blue","Bullet_red","shadow_normal_circle",,,,,,"Gen_hit","Gen_hit","no_hit",0,,,,,0,2,0,100,,,,,,,,,,,,,,,,,,,,,,,,,,,,,,,,,,,,,,,,,,,,,,,,,,,,,,
"BlackHolePetProjectile",,3152,"sc/effects.sc",,,"playing_card","playing_card_red","shadow_normal_circle",,,,,,"Gen_hit","Gen_hit","no_hit",50,,,,,0,2,0,100,,,,,,"sparkle_trail",,,,,,"true",,,,,,,,,,,,,,,,,,,,,,,,,,,,,,,,,,,,,,,,,,
"HammerDudeProjectile",,5000,"sc/effects_brawler.sc",,,"nita_def_atk_blue","nita_def_atk_red","shadow_normal_circle",,,,,,"Gen_hit","Gen_hit","nita_def_atk_end_blue",150,,,,,0,2,0,100,,,,,,"nita_def_atk_trail","true",,,,"DoNotRotateClip","true",,,,,,,,,,,,,,,,,,,,,"true",,,,,,,,,,,,,,,,,,,,,
"HammerDudeUltiProjectile",,6000,"sc/effects_brawler.sc",,,"nita_def_atk_blue","nita_def_atk_red","shadow_normal_circle",,,,,,"Gen_hit","Gen_hit","nita_def_atk_end_blue",250,,,,,0,2,0,100,,,,,,"nita_def_atk_trail","true",,,,"DoNotRotateClip","true","true","true",,,,,,,,,,,,2000,,,,,,,"true",,,,,,,,,,,,,,,,,,,,,
"CrowProjectileFlame","CrowProjectile",,"sc/effects_brawler.sc",,,"crow_def_atk_projectile","crow_def_atk_projectile_red","shadow_normal_circle",,,,,,"Gen_hit",,"no_hit",,,,,,0,,0,100,,,,,,"flame_trail","true",,,,,,,,,,,,,,,,,,,,,,,,,,,,,,,,,,,,,,,,,,,,,,2,
"CrowUltiProjectileFlame","CrowUltiProjectile",,"sc/effects_brawler.sc",,,"crow_def_ulti_projectile","crow_def_ulti_projectile_red","shadow_normal_circle",,,,,,"Gen_hit",,"no_hit",,,,,,0,,0,100,,,,,,"flame_trail","true",,,,,,,,,,,,,,,,,,,,,,,,,,,,,,,,,,,,,,,,,,,,,,2,
"HookProjectile",,3200,"sc/effects_brawler.sc",,,"gene_def_atk1_projectile_blue","gene_def_atk1_projectile_red","gene_def_atk1_projecctile_shadow",,,,,,"gene_def_atk1_reachaed","gene_def_atk1Hit","gene_def_atk1_reachaed",150,,,,,0,2,0,150,,,,,,"gene_def_atk_trail","true",,,,"UseZFrames",,,,,,6,200,17,"HookProjectile2","true",,,,,,,,,,,,,,,,,,,,,,,,,,,,,,,,,
"HookProjectile2",,3200,"sc/effects_brawler.sc",,,"gene_def_atk2_projectile_blue","gene_def_atk2_projectile_red","shadow_normal_circle",,,,,,"gene_def_atk2Env","gene_def_atk2Hit","gene_def_atk2_reachaed",101,,,,,0,2,0,120,,,,,,,"true",,,,"UseZFrames",,,,,,,,,,,,,,,,,,,,,,,,,,,,,,,,,,,,,,,,,,,
"HookUltiProjectile",,3200,"sc/effects_brawler.sc","sc3d/gene_projectile_open_blue.scw","sc3d/gene_projectile_open_red.scw","gene_def_ulti1_trail","gene_def_ulti1_trail_red",,"glow_normal_blue_big",,,,,"gene_def_ulti_reached","gene_def_ulti_hit","gene_def_ulti_reached",200,,,,,0,4,0,60,,,,,,"gene_def_ulti_trail","true",,,,,,,,,,,,,"HookUltiProjectile2",,,,,,,,,,,"true",,,,,,"true",,,,,,,,,,,,,,,,,
"HookUltiProjectile2",,2000,"sc/effects_brawler.sc","sc3d/gene_projectile_closed_blue.scw","sc3d/gene_projectile_closed_red.scw","gene_def_ulti1_trail","gene_def_ulti1_trail_red",,"glow_normal_blue_big",,,,,"Gen_hit","Gen_hit","no_hit",200,,,,,0,2,0,60,,,,,,"gene_def_ulti_trail","true",,,,,,"true","true",,,,,,,,,,,,,,,,,"true",,,,,,"true",,,,,,,,,,,,,,,,,
"ClusterBombProjectile",,450,"sc/effects.sc","sc3d/tick_def_atk_projectile_blue.scw","sc3d/tick_def_atk_projectile_blue.scw",,,"shadow_normal_circle",,,,,,"Gen_hit","Gen_hit",,0,"true","true",900,,25,2,0,100,,"ClusterBombExplosion",,,,"brock_def_atk_trail","true",,,,,,,,,,,,,,,,,,,,,,,,,,,,,,,,,,,,,,,,,,,,,,,
"ClusterBombProjectile2",,2000,"sc/effects.sc",,,"cactus_ulti_projectile","cactus_ulti_projectile_red","shadow_normal_circle",,,,,,"Gen_hit","Gen_hit",,0,"true","true",,,200,1,0,100,,"ClusterBombExplosion2",,,,"Gen_Trail_dust","true",,,,,,,,,,,,,,,,,,,,,,,,,,,,,,,,,,,,,,,,,,,,,,,
"ArcadeProjectile",,4500,"sc/effects_brawler.sc",,,"arcade_def_projectile","arcade_def_projectile_red",,"projectile_light","projectile_light_red",,,,"arcade_def_atk_reached","arcade_def_atk_hit","arcade_def_atk_reached",50,,,,,0,3,0,100,2,,,,,"arcade_def_atk_trail","true",,,,,,,,,,,,,,,,,,,,,,,,,,,,,,,,,,,,,,,,,,,,,,,
"NinjaProjectile",,3500,"sc/effects_brawler.sc",,,"leon_def_atk_projectile","leon_def_atk_projectile_red","shadow_normal_circle",,,,,,"Gen_hit","Gen_hit","leon_def_atk_reachaed",100,,,,,0,2,0,80,,,,,,,"true",,,,,,,,,,,,,,,100,10,,,,,,,,,,,,,,,,,,,,,,,,,,,,,,,
"Leon002Projectile","NinjaProjectile",3500,"sc/effects_brawler.sc",,,"leon_002_atk_projectile","leon_002_atk_projectile_red","shadow_normal_circle",,,,,,"leon_002_atk_hitEnv","leon_002_atk_hit","leon_002_atk_reachaed",100,,,,,0,2,0,80,,,,,,"leon_002_atk_trail","true",,,,,,,,,,,,,,,100,10,,,,,,,,,,,,,,,,,,,,,,,,,,,,,,,
"RosaProjectile",,5000,"sc/effects_brawler.sc","sc3d/rosa_def_atk_projectile_blue.scw","sc3d/rosa_def_atk_projectile_red.scw",,,"shadow_normal_circle_big",,,,,,"rosa_def_hit","rosa_def_hit",,150,,,,,0,2,0,80,,,,,,"rosa_def_atk_swoosh","true",,,,"UseZFrames","true",,,,,,,,,,,,,,,,,,,,,"true",,,,,,,,,,,,,,,,,,,,,
"SandstormUltiProjectile",,2000,"sc/effects.sc","sc3d/sandy_def_ulti.scw","sc3d/sandy_def_ulti.scw",,,"shadow_normal_circle",,,,,,"Gen_hit","Gen_hit","sandy_def_ulti_explode",0,"true",,,,300,1,0,100,,"Sandstorm",,,,"sandy_def_ulti_trail","true",,,,"DoNotRotateClip",,,,,,,,,,,,,,,,,,,,,,,,,,,,,,,,,,,,,,,,,,,
"CoopRangedEnemyProjectile",,4000,"sc/effects.sc",,,"Bullet_red","Bullet_red","shadow_normal_circle",,,,,,"Gen_hit","Gen_hit","no_hit",100,,,,,0,2,0,150,,,,,,,,,,,,,,,,,,,,,,,,,,,,,,,,,,,,,,,,,,,,,,,,,,,,,,
"BossProjectile",,3000,"sc/effects.sc","sc3d/brock_rocket_blue.scw","sc3d/brock_rocket_red.scw",,,"shadow_normal_circle",,,,,,"explosion_rocket_rose","explosion_rocket_rose","explosion_rocket_rose",150,,,,,0,3,0,100,,,,,,"Rocket_Trail",,,,,,,"true",,,,,,,,,,,,,,,,,,,,,,,,,,,,,,,,,,,,,,,,,
"RaidBossRangedEnemyProjectile",,4000,"sc/effects.sc",,,"Bullet_red","Bullet_red","shadow_normal_circle",,,,,,"Gen_hit","Gen_hit","no_hit",100,,,,,0,2,0,150,,,,,,,,,,,,,,,,,,,,,,,,,,,,,,,,,,,,,,,,,,,,,,,,,,,,,,
"RaidBossProjectileRed",,5000,"sc/effects.sc",,,"gen_beam_red","gen_beam_red",,"projectile_light_red","projectile_light_red",,,,"Gen_hit","Gen_hit","no_hit",150,,,,,0,3,0,130,,,,,,"Gen_Trail_small",,"true",,,,,,,,,,,,,,,,,,,,,,,,,,,,,,,,,,,,,,,,,,,,,,
"RaidBossProjectileRedDestroyEnv",,5000,"sc/effects.sc",,,"gen_beam_red","gen_beam_red",,"projectile_light_red","projectile_light_red",,,,"explosion_rocket_rose","explosion_rocket_rose","explosion_rocket_rose",150,,,,,0,3,0,130,,,,,,"Gen_Trail_small",,"true",,,,,"true",,,,,,,,,,,,,,,,,,,,,,,,,,,,,,,,,,,,,,,,,
"RaidBossProjectileGold",,5000,"sc/effects.sc",,,"gen_beam_red","gen_beam_red",,"projectile_light_red","projectile_light_red",,,,"explosion_rocket_rose","explosion_rocket_rose","explosion_rocket_rose",150,,,,,0,3,0,130,,,,,,"Gen_Trail_small",,"true",,,,"true","true","true",,,,,,,,,,,,,,,,,,,,,,,,,"true",,40,,60,255,255,,,,,,,,,
"RaidBossRocketProjectile",,480,"sc/effects.sc","sc3d/brock_rocket_blue.scw","sc3d/brock_rocket_red.scw",,,"shadow_normal_circle",,,,,,"Gen_Very_Big_Explosion","Gen_Very_Big_Explosion","Gen_Very_Big_Explosion",0,"true","true",,,20,2,0,185,,"RaidBossRocketBurn",,,,"Rocket_Trail",,,,,"UseZFrames",,,,,,,,,,,,,,,,,,,,,,,,,,,,,,,,,,,,,,,,,,,
"ShamanStarPowerProjectile",,3000,"sc/effects_brawler.sc",,,"nita_def_starP_core","nita_def_starP_core_red",,"glow_normal_green","projectile_fire_red",,,,"Mariachi_hit","Mariachi_hit","nita_def_starPower_hit",0,,,,,0,1,0,100,,,,,,"rico_ulti_trail_twinkles",,,,,,,,,,,,,,,,,,,,,,,,,"true",,,,,,,,,,,,,,,,,"true",,,,,,
"UndertakerStarPowerProjectile",,3000,"sc/effects_brawler.sc",,,"mortis_def_starPower_bat","mortis_def_starPower_bat_red",,"glow_normal_green","projectile_fire_red",,,,"Mariachi_hit","Mariachi_hit","nita_def_starPower_hit",0,,,,,0,1,0,100,,,,,,"mortis_def_starPower_blood",,,,,"DoNotRotateClip",,,,,,,,,,,,,,,,,,,,"true",,,,,,,,,,,,,,,,,"true",,,,,,
"HammerDudeStarPowerProjectile",,3000,"sc/effects_brawler.sc",,,"frank_def_starP_core","frank_def_starP_core_red",,"glow_normal_purple","projectile_fire_red",,,,"Mariachi_hit","Mariachi_hit","frank_def_starPower_hit",0,,,,,0,1,0,100,,,,,,"rico_ulti_trail_twinkles",,,,,,,,,,,,,,,,,,,,,,,,,"true",,,,,,,,,,,,,,,,,"true",,,,,,
"RoboWarsBaseProjectile",,6000,"sc/effects.sc","sc3d/siege_base_projectile_blue.scw","sc3d/siege_base_projectile_red.scw",,,"shadow_normal_circle",,,,,,"Gen_hit","Gen_hit",,0,"true",,,,1900,2,0,100,1,"RoboWarsBaseExplosion",,,,"brock_def_atk_trail",,,,,,,,,,,,,,,,,,,,,,,,,,,,,,,,,,,,,,,,,,,,,"true",,,
"WhirlwindProjectile",,2700,"sc/effects_brawler.sc",,,"carl_def_atk_projectile","carl_def_atk_projectile_red","carl_def_atk_projectile_shadow",,,,,,"Carl_hitEnv","Gen_hit",,250,,,,,0,1,0,100,,,,,,"carl_def_atk_trail","true",,,,"DoNotRotateClip","true",,,,,,,,"WhirlwindProjectile2",,,,,,,,,,,,,,,,,,,,,,,,,,,,,"true",,,,,
"WhirlwindProjectile2",,2700,"sc/effects_brawler.sc",,,"carl_def_atk_projectile","carl_def_atk_projectile_red","carl_def_atk_projectile_shadow",,,,,,"Gen_hit","Gen_hit",,250,,,,,0,1,0,100,,,,,,"carl_def_atk_trail_return","true",,,,"DoNotRotateClip","true",,,,,,,,,,,,,,,,,,,"true",,,,,,,,,,,,,,,,,,"true",,,,,
"Carl002Projectile","WhirlwindProjectile",,"sc/effects_brawler.sc",,,"carl_002_atk_projectile","carl_002_atk_projectile_red","carl_002_atk_projectile_shadow",,,,,,"Carl_hitEnv","Gen_hit",,,,,,,0,,0,100,,,,,,"carl_def_atk_trail","true",,,,"DoNotRotateClip",,,,,,,,,"Carl002Projectile2",,,,,,,,,,,,,,,,,,,,,,,,,,,,,,,,,,
"Carl002Projectile2","WhirlwindProjectile2",,"sc/effects_brawler.sc",,,"carl_002_atk_projectile","carl_002_atk_projectile_red","carl_002_atk_projectile_shadow",,,,,,"Gen_hit","Gen_hit",,,,,,,0,,0,100,,,,,,"carl_def_atk_trail_return","true",,,,"DoNotRotateClip",,,,,,,,,,,,,,,,,,,,,,,,,,,,,,,,,,,,,,,,,,,
"Carl003Projectile","WhirlwindProjectile",,"sc/effects_brawler.sc",,,"carl_003_atk_projectile","carl_003_atk_projectile_red","carl_003_atk_projectile_shadow",,,,,,"Carl_hitEnv","Gen_hit",,,,,,,0,,0,100,,,,,,"carl_def_atk_trail","true",,,,"DoNotRotateClip",,,,,,,,,"Carl003Projectile2",,,,,,,,,,,,,,,,,,,,,,,,,,,,,,,,,,
"Carl003Projectile2","WhirlwindProjectile2",,"sc/effects_brawler.sc",,,"carl_003_atk_projectile","carl_003_atk_projectile_red","carl_003_atk_projectile_shadow",,,,,,"Gen_hit","Gen_hit",,,,,,,0,,0,100,,,,,,"carl_def_atk_trail_return","true",,,,"DoNotRotateClip",,,,,,,,,,,,,,,,,,,,,,,,,,,,,,,,,,,,,,,,,,,
"BaseballUltiProjectile",,3000,"sc/effects_brawler.sc",,,"bibi_def_ulti_projectile","bibi_def_ulti_projectile_red","shadow_normal_circle_huge",,,,,,"bibi_def_ulti_hitEffect","bibi_def_ulti_hitEffect_char","bibi_def_ulti_reached",250,,,,,0,3,0,100,,,,,,"bibi_def_ulti_trail","true",,"true",,"DoNotRotateClip","true",,,,,,,,,,,,10,,,,,,,,,,,,,,,,,,,,,,,,,,,,,,
"ClusterBombSummonProjectile",,1196,"sc/effects_brawler.sc","sc3d/tick_def_ulti_projectile_blue.scw","sc3d/tick_def_ulti_projectile_blue.scw",,,"shadow_normal_circle",,,,,,"Gen_hit","Gen_hit",,0,"true",,,,170,1,0,100,,,,,,"nita_def_ulti_trail","true",,,,,,,,,,,,,,,,,,,,,,,,,,,,,,,,,,,,,,,,,,,,,,,
"TurretElecProj",,3478,"sc/effects_brawler.sc",,,"jessie_elecBall_blue","jessie_elecBall_red",,"projectile_light","projectile_light_red",,,,"Electricity_hit","Electricity_hit","electricity_end_blue",0,,,,,0,2,0,80,,,,,,,,,,,,,,,,1,,,14,"TurretElecProj2",,,,,,,,,,,,,,,,,,,,,,,,,,,,,,,,,,
"TurretElecProj2",,2000,"sc/effects_brawler.sc",,,"jessie_elecBall_blue","jessie_elecBall_red",,"projectile_light","projectile_light_red",,,,"Electricity_hit","Electricity_hit","electricity_end_blue",0,,,,,0,2,0,80,,,,,,,,,,,,,,,,1,,,14,"TurretElecProj3",,,,,,,,,,,,,,,,,,,,,,,,,,,,,,,,"true",,
"TurretElecProj3",,2000,"sc/effects_brawler.sc",,,"jessie_elecBall_blue","jessie_elecBall_red",,"projectile_light","projectile_light_red",,,,"Electricity_hit","Electricity_hit","electricity_end_blue",0,,,,,0,2,0,80,,,,,,,,,,,,,,,,,,,,,,,,,,,,,,,,,,,,,,,,,,,,,,,,,,,,"true",,
"BlackHolePet2Projectile",,3000,"sc/effects_brawler.sc",,,"nita_def_starP_core","nita_def_starP_core_red",,"glow_normal_green","projectile_fire_red",,,,"Mariachi_hit","Mariachi_hit","nita_def_starPower_hit",0,,,,,0,1,0,100,,,,,,"rico_ulti_trail_twinkles",,,,,,,,,,,,,,,,,,,,,,,,,"true",,,,,,,,,,,,,,,,,"true",,,,,,
"ArcadeUltiProjectile",,1196,"sc/effects_brawler.sc","sc3d/arcade_def_ulti.scw","sc3d/arcade_def_ulti_red.scw",,,"shadow_normal_circle",,,,,,,,,0,"true",,,,170,3,0,100,,,,,,"arcade_def_ulti_trail","true",,,,,,,,,,,,,,,,,,,,,,,,,,,,,,,,,,,,,,,,,,,,,,,
"BeeSniperUltiProjectile",,3100,"sc/effects_brawler.sc",,,"bullet_shotgun_def_blue_long","bullet_shotgun_def_red_long","shadow_normal_circle",,,,,,"Gen_hit","Gen_hit","bull_def_atk_reached",0,,,,,0,2,0,100,,,,,,,"true",,,,,,,,,,,,,,,,,,,,,,,,,,,,,,,,,,,,,,,,,,,,,,,
"BeeProjectile",,3100,"sc/effects_brawler.sc",,,"bullet_shotgun_def_blue_long","bullet_shotgun_def_red_long","shadow_normal_circle",,,,,,"Gen_hit","Gen_hit","bull_def_atk_reached",0,,,,,0,2,0,100,,,,,,,"true",,,,,,,,,,,,,,,,,,,,,,,,,,,,,,,,,,,,,,,,,,,,,,,
"SandstormProjectile",,3500,"sc/effects_brawler.sc",,,"sandy_def_atk_projectile","sandy_def_atk_projectile",,,,,,,"sandy_def_atk_reached","sandy_def_atk_hit","sandy_def_atk_reached",200,,,,,0,4,0,80,2,,,,,"sandy_def_atk_trail","true",,,,,"true",,,,,,,,,,,,,,,,,,,,,"true",,"true",,,,,,,,,,,,,,,,,,,
"TurretWaterProj","TurretElecProj",,"sc/effects_brawler.sc",,,"jessie_002_atk_projectile","jessie_002_atk_projectile_red","shadow_normal_circle_big",,,,,,"jessie_002_turret_hitEnv","jessie_002_turret_hit","jessie_002_turret_hitEnv",,,,,,0,,0,80,,,,,,,,,,,,,,,,,,,,"TurretWaterProj2",,,,,,,,,,,,,,,,,,,,,,,,,,,,,,,,,,
"TurretWaterProj2","TurretElecProj2",,"sc/effects_brawler.sc",,,"jessie_002_atk_projectile","jessie_002_atk_projectile_red","shadow_normal_circle_big",,,,,,"jessie_002_turret_hitEnv","jessie_002_turret_hit","jessie_002_turret_hitEnv",,,,,,0,,0,80,,,,,,,,,,,,,,,,,,,,"TurretWaterProj3",,,,,,,,,,,,,,,,,,,,,,,,,,,,,,,,,,
"TurretWaterProj3","TurretElecProj3",,"sc/effects_brawler.sc",,,"jessie_002_atk_projectile","jessie_002_atk_projectile_red","shadow_normal_circle_big",,,,,,"jessie_002_turret_hitEnv","jessie_002_turret_hit","jessie_002_turret_hitEnv",,,,,,0,,0,80,,,,,,,,,,,,,,,,,,,,,,,,,,,,,,,,,,,,,,,,,,,,,,,,,,,,,,
"MummyProjectile",,1500,"sc/effects_brawler.sc",,,"emz_def_atk_projectile","emz_def_atk_projectile_red",,,,,,,"emz_def_atk_reached","emz_def_atk_hit","emz_def_atk_reached",200,,,,,0,3,0,100,2,,,,,"emz_def_atk_trail","true",,,,,"true",,,,,,,,,,,,7,,,35,125,,,,,"true",,,"true",,,,,,,,,,,,,,,,,,1
"BossRaceBossProjectile",,5000,"sc/effects.sc",,,"gen_beam_red","gen_beam_red",,"projectile_light_red","projectile_light_red",,,,"Gen_hit","Gen_hit","no_hit",150,,,,,0,3,0,130,,,,,,"Gen_Trail_small",,"true",,,,,,,,,,,,,,,,,,,,,,,,,,,,,,,,,,,,,,,,,,,,,,
"BossRaceBossLightningProjectile1",,3500,"sc/effects_brawler.sc",,,"jessie_elecBall_blue","jessie_elecBall_red",,"projectile_light","projectile_light_red",,,,"Electricity_hit","Electricity_hit","electricity_end_blue",250,,,,,0,3,0,250,,,,,,"electricity_Trail","true",,,,,,,,,1,,,40,"BossRaceBossLightningProjectile2",,,,,,,,,,,,,,,,,,,,,,,,,,,,,,,,,,
"BossRaceBossLightningProjectile2",,2700,"sc/effects_brawler.sc",,,"jessie_elecBall_blue","jessie_elecBall_red",,"projectile_light","projectile_light_red",,,,"Electricity_hit","Electricity_hit","electricity_end_blue",250,,,,,0,1,0,250,,,,,,"electricity_Trail","true",,,,,,,,,1,,,40,"BossRaceBossLightningProjectile3",,,,,,,,,,,,,,,,,,,,,,,,,,,,,,,,,,
"BossRaceBossLightningProjectile3",,2700,"sc/effects_brawler.sc",,,"jessie_elecBall_blue","jessie_elecBall_red",,"projectile_light","projectile_light_red",,,,"Electricity_hit","Electricity_hit","electricity_end_blue",250,,,,,0,1,0,250,,,,,,"electricity_Trail","true",,,,,,,,,,,,,,,,,,,,,,,,,,,,,,,,,,,,,,,,,,,,,,,
"BossRaceBossRocketProjectile",,400,"sc/effects_brawler.sc","sc3d/brock_rocket_blue.scw","sc3d/brock_rocket_red.scw","brock_def_ulti_tail_blue","brock_def_ulti_tail_red","shadow_normal_circle",,,,,,"Gen_hit","Gen_hit",,0,"true","true",,,10,2,0,150,,"BossRaceBossRocketExplosion","BossRaceBossRocketBurn",,,"brock_def_ulti_trail","true",,,,"UseZFrames",,,,,,,,,,,,,,,,,,,,,,,,,,,,,,,,,,,,,,,,,,,
"SpawnerDudeUltiProjectile",,3100,"sc/effects_brawler.sc",,,"bullet_shotgun_def_blue_long","bullet_shotgun_def_red_long","shadow_normal_circle",,,,,,"Gen_hit","Gen_hit","bull_def_atk_reached",0,,,,,0,2,0,100,,,,,,,"true",,,,,,,,,,,,,,,,,,,,,,,,,,,,,,,,,,,,,,,,,,,,,,,
