Name,Conf,Campaign,ObtainType,PetSkin,PetSkin2,CostLegendaryTrophies,CostGems,TID,ShopTID,InfoTID,MaterialsFile,BlueTexture,RedTexture,BlueSpecular,RedSpecular
string,string,int,int,string,string,int,int,string,string,string,string,string,string,string,string
BanditGirlDefault,BanditGirlDefault,,,,,,,,,,,shelly_v2_01.pvr,shelly_v2_01.pvr,shelly_v2_01.pvr,shelly_v2_01.pvr
GunSlingerDefault,GunSlingerDefault,,,,,,,,,,,colt_tex.pvr,colt_tex.pvr,colt_tex.pvr,colt_tex.pvr
GunSlingerRockstar,GunSlingerRockstar,,,,,,30,TID_GUNSLINGER_ROCKSTAR_SKIN,TID_GUNSLINGER_ROCKSTAR_SKIN_SHOP,TID_SKIN_INFO_NORMAL,,colt_rockstar_tex.pvr,colt_rockstar_tex.pvr,colt_rockstar_tex.pvr,colt_rockstar_tex.pvr
BullGuyDefault,BullGuyDefault,,,,,,,,,,,bull_tex_01.pvr,bull_tex_01.pvr,bull_tex_01.pvr,bull_tex_01.pvr
RocketGirlDefault,RocketGirlDefault,,,,,,,,,,,brock_blue_tex.pvr,brock_tex.pvr,brock_blue_tex.pvr,brock_tex.pvr
RocketGirlBeach,RocketGirlBeach,,,,,,80,TID_ROCKET_BEACH_SKIN,TID_ROCKET_BEACH_SKIN_SHOP,TID_SKIN_INFO_FX_SOUND,,brock_beach_blue_tex.pvr,brock_beach_tex.pvr,brock_beach_blue_tex.pvr,brock_beach_tex.pvr
TntGuyDefault,TntGuyDefault,,,,,,,,,,,dynamike_blue_tex.pvr,dynamike_tex.pvr,dynamike_blue_tex.pvr,dynamike_tex.pvr
LuchadorDefault,LuchadorDefault,,,,,,,,,,,primo_tex.pvr,primo_tex.pvr,primo_tex.pvr,primo_tex.pvr
TurretDefault,TurretDefault,,,,,,,,,,,dogturret.pvr,dogturret.pvr,dogturret.pvr,dogturret.pvr
TrickshotDefault,TrickshotDefault,,,,,,,,,,,rico_tex.pvr,rico_tex.pvr,rico_tex.pvr,rico_tex.pvr
CactusDefault,CactusDefault,,,,,,,,,,,spike_tex.pvr,spike_tex.pvr,spike_tex.pvr,spike_tex.pvr
CactusPink,CactusPink,,,,,,80,TID_CACTUS_PINK_SKIN,TID_CACTUS_PINK_SKIN_SHOP,TID_SKIN_INFO_FX,,spike_blossom_tex.pvr,spike_blossom_tex.pvr,spike_blossom_tex.pvr,spike_blossom_tex.pvr
BarkeepDefault,BarkeepDefault,,,,,,,,,,,barley_tex.pvr,barley_tex.pvr,barley_tex.pvr,barley_tex.pvr
MechanicDefault,MechanicDefault,,,TurretDefault,,,,,,,,jessie_tex.pvr,jessie_tex.pvr,jessie_tex.pvr,jessie_tex.pvr
ShamanDefault,ShamanDefault,,,ShamanBearDefault,,,,,,,,nita_tex.pvr,nita_tex.pvr,nita_tex.pvr,nita_tex.pvr
ShamanPanda,ShamanPanda,,,ShamanBearPanda,,,30,TID_SHAMAN_PANDA_SKIN,TID_SHAMAN_PANDA_SKIN_SHOP,TID_SKIN_INFO_NORMAL_PET,,nita_panda_tex.pvr,nita_panda_tex.pvr,nita_panda_tex.pvr,nita_panda_tex.pvr
ShamanBearDefault,ShamanBearDefault,,,,,,,,,,,nita_bear_tex.pvr,nita_bear_tex.pvr,nita_bear_tex.pvr,nita_bear_tex.pvr
ShamanBearPanda,ShamanBearPanda,,,,,,,,,,,nita_bear_panda_tex.pvr,nita_bear_panda_tex.pvr,nita_bear_panda_tex.pvr,nita_bear_panda_tex.pvr
UndertakerDefault,UndertakerDefault,,,,,,,,,,,mortis_v2_tex.pvr,mortis_v2_tex.pvr,mortis_v2_tex.pvr,mortis_v2_tex.pvr
CrowDefault,CrowDefault,,,,,,,,,,,crow_d_01.pvr,crow_d_01.pvr,crow_d_01.pvr,crow_d_01.pvr
CrowWhite,CrowWhite,,,,,,80,TID_CROW_WHITE_SKIN,TID_CROW_WHITE_SKIN_SHOP,TID_SKIN_INFO_NORMAL,,crowwhite_d_01.pvr,crowwhite_d_01.pvr,crowwhite_d_01.pvr,crowwhite_d_01.pvr
DeadMariachiDefault,DeadMariachiDefault,,,,,,,,,,,poco_tex.pvr,poco_tex.pvr,poco_tex.pvr,poco_tex.pvr
BowDudeDefault,BowDudeDefault,,,,,,,,,,,bo_tex.pvr,bo_tex.pvr,bo_tex.pvr,bo_tex.pvr
SniperDefault,SniperDefault,,,,,,,,,,,piper_tex.pvr,piper_tex.pvr,piper_tex.pvr,piper_tex.pvr
MinigunDudeDefault,MinigunDudeDefault,,,HealstationDefault,,,,,,,,pam_tex.pvr,pam_tex.pvr,pam_tex.pvr,pam_tex.pvr
BullGuyHair,BullGuyHair,,,,,,80,TID_BULL_HAIR_SKIN,TID_BULL_HAIR_SKIN_SHOP,TID_SKIN_INFO_NORMAL,,bull_viking_tex.pvr,bull_viking_tex.pvr,bull_viking_tex.pvr,bull_viking_tex.pvr
TrickshotGold,TrickshotGold,,,,,,150,TID_TRICKSHOT_GOLD_SKIN,TID_TRICKSHOT_GOLD_SKIN_SHOP,TID_SKIN_INFO_FX,,rico_gold_tex.pvr,rico_gold_tex.pvr,rico_gold_tex.pvr,rico_gold_tex.pvr
BarkeepGold,BarkeepGold,,,,,,30,TID_BARKEEP_GOLD_SKIN,TID_BARKEEP_GOLD_SKIN_SHOP,TID_SKIN_INFO_FX,,barley_banker_tex.pvr,barley_banker_tex.pvr,barley_banker_tex.pvr,barley_banker_tex.pvr
LuchadorRudo,LuchadorRudo,,,,,,80,TID_LUCHADOR_RUDO_SKIN,TID_LUCHADOR_RUDO_SKIN_SHOP,TID_SKIN_INFO_ANIM,,primo_elrudo_tex.pvr,primo_elrudo_tex.pvr,primo_elrudo_tex.pvr,primo_elrudo_tex.pvr
BanditGirlBandita,BanditGirlBandita,,,,,,30,TID_SHOTGUN_BANDITA_SKIN,TID_SHOTGUN_BANDITA_SKIN_SHOP,TID_SKIN_INFO_NORMAL,,shelly_bandita_tex.pvr,shelly_bandita_tex.pvr,shelly_bandita_tex.pvr,shelly_bandita_tex.pvr
LuchadorRey,LuchadorRey,,,,,,150,TID_LUCHADOR_KING_SKIN,TID_LUCHADOR_KING_SKIN_SHOP,TID_SKIN_INFO_ANIM_FX,,primo_elrey_tex.pvr,primo_elrey_tex.pvr,primo_elrey_tex.pvr,primo_elrey_tex.pvr
BallDefault,BallDefault,,,,,,,,,,,,,,
BlackholeDefault,BlackholeDefault,,,,,,,,,,,tara_tex.pvr,tara_tex.pvr,tara_tex.pvr,tara_tex.pvr
HealstationDefault,HealstationDefault,,,,,,,,,,,healstion_tex.pvr,healstion_red_tex.pvr,healstion_red_tex.pvr,healstion_red_tex.pvr
BarrelbotDefault,BarrelbotDefault,,,,,,,,,,,barrelbot_tex.pvr,barrelbot_tex_red.pvr,barrelbot_tex_red.pvr,barrelbot_tex_red.pvr
BlackholePetDefault,BlackholePetDefault,,,,,,,,,,,ninja_ability_tex.pvr,ninja_ability_tex.pvr,ninja_ability_tex.pvr,ninja_ability_tex.pvr
TntPetDefault,TntPetDefault,,,,,,,,,,,nita_bear_tex.pvr,nita_bear_tex.pvr,nita_bear_tex.pvr,nita_bear_tex.pvr
RangedBotDefault,RangedBotDefault,,,,,,,,,,,rangedbot_tex.pvr,rangedbot_tex.pvr,rangedbot_tex.pvr,rangedbot_tex.pvr
MeleeFastBotDefault,MeleeFastBotDefault,,,,,,,,,,,fastmeleebot_tex.pvr,fastmeleebot_tex.pvr,fastmeleebot_tex.pvr,fastmeleebot_tex.pvr
MeleeBotDefault,MeleeBotDefault,,,,,,,,,,,meleebot_tex.pvr,meleebot_tex.pvr,meleebot_tex.pvr,meleebot_tex.pvr
BossBotDefault,BossBotDefault,,,,,,,,,,,bossbot_tex.pvr,bossbot_tex.pvr,bossbot_tex.pvr,bossbot_tex.pvr
ArtilleryGalDefault,ArtilleryGalDefault,,,ArtilleryTurretDefault,,,,,,,,mari_tex.pvr,mari_tex.pvr,mari_tex.pvr,mari_tex.pvr
FrankDefault,FrankDefault,,,,,,,,,,,frank_tex.pvr,frank_tex.pvr,frank_tex.pvr,frank_tex.pvr
ArtilleryTurretDefault,ArtilleryTurretDefault,,,,,,,,,,,mari_tex.pvr,mari_tex.pvr,mari_tex.pvr,mari_tex.pvr
MechanicKnight,MechanicKnight,,,TurretDragon,,,150,TID_MECHANIC_KNIGHT_SKIN,TID_MECHANIC_KNIGHT_SKIN_SHOP,TID_SKIN_INFO_ANIM_FX_TURRET,,jessie_knight_tex.pvr,jessie_knight_tex.pvr,jessie_knight_tex.pvr,jessie_knight_tex.pvr
FrankCaveman,FrankCaveman,,,,,,80,TID_FRANK_CAVEMAN_SKIN,TID_FRANK_CAVEMAN_SKIN_SHOP,TID_SKIN_INFO_NORMAL,,frank_caveman_01.pvr,frank_caveman_01.pvr,frank_caveman_01.pvr,frank_caveman_01.pvr
TurretDragon,TurretDragon,,,,,,,,,,,turret_dragon_tex.pvr,turret_dragon_tex.pvr,turret_dragon_tex.pvr,turret_dragon_tex.pvr
MechanicSummer,MechanicSummer,,,TurretSummertime,,,80,TID_MECHANIC_SUMMER_SKIN,TID_MECHANIC_SUMMER_SKIN_SHOP,TID_SKIN_INFO_FX_TURRET,,jessie_summertime_tex.pvr,jessie_summertime_tex.pvr,jessie_summertime_tex.pvr,jessie_summertime_tex.pvr
TurretSummertime,TurretSummertime,,,,,,,,,,,turret_summertime_tex.pvr,turret_summertime_tex.pvr,turret_summertime_tex.pvr,turret_summertime_tex.pvr
CrowPheonix,CrowPheonix,,,,,,300,TID_CROW_PHEONIX_SKIN,TID_CROW_PHEONIX_SKIN_SHOP,TID_SKIN_INFO_ANIM_FX,,crow_pheonix_tex.pvr,crow_pheonix_tex.pvr,crow_pheonix_tex.pvr,crow_pheonix_tex.pvr
UndertakerGreaser,UndertakerGreaser,,,,,,150,TID_UNDERTAKER_GREASER_SKIN,TID_UNDERTAKER_GREASER_SKIN_SHOP,TID_SKIN_INFO_ANIM,,mortis_greaser_tex_02.pvr,mortis_greaser_tex_02.pvr,mortis_greaser_tex_02.pvr,mortis_greaser_tex_02.pvr
BigBotDefault,BigBotDefault,,,,,,,,,,,meleebot_tex.pvr,meleebot_tex.pvr,meleebot_tex.pvr,meleebot_tex.pvr
BanditGirlPrereg,BanditGirlPrereg,,1,,,,,TID_SHOTGUN_STAR_SKIN,TID_SHOTGUN_STAR_SKIN,TID_SKIN_INFO_FX,,shelly_prereg_01.pvr,shelly_prereg_01.pvr,shelly_prereg_01.pvr,shelly_prereg_01.pvr
LootBox,LootBox,,,,,,,,,,,,,,
TntBox,TntBox,,,,,,,,,,,,,,
Safe,Safe,,,,,,,,,,,,,,
TntGuySanta,TntGuySanta,1,4,,,,80,TID_DYNAMIKE_SANTA_SKIN,TID_DYNAMIKE_SANTA_SKIN_SHOP,TID_SKIN_INFO_FX,,dynamike_santa_blue_tex.pvr,dynamike_santa_tex.pvr,dynamike_santa_blue_tex.pvr,dynamike_santa_tex.pvr
TntGuyChef,TntGuyChef,,,,,,150,TID_DYNAMIKE_CHEF_SKIN,TID_DYNAMIKE_CHEF_SKIN_SHOP,TID_SKIN_INFO_FX,,dynamike_chef_blue_tex.pvr,dynamike_chef_tex.pvr,dynamike_chef_blue_tex.pvr,dynamike_chef_tex.pvr
RocketGirlBoombox,RocketGirlBoombox,,,,,,80,TID_BROCK_BOOMBOX_SKIN,TID_BROCK_BOOMBOX_SKIN_SHOP,TID_SKIN_INFO_NORMAL,,brock_boombox_blue_tex.pvr,brock_boombox_tex.pvr,brock_boombox_blue_tex.pvr,brock_boombox_tex.pvr
BarkeepWizard,BarkeepWizard,,2,,,,,TID_BARLEY_WIZARD_SKIN,TID_BARLEY_WIZARD_SKIN,TID_SKIN_INFO_ANIM_SOUND_FX,,barley_wizard_tex.pvr,barley_wizard_tex.pvr,barley_wizard_tex.pvr,barley_wizard_tex.pvr
ShamanReindeer,ShamanReindeer,1,4,ShamanBearReindeer,,,150,TID_NITA_REINDEER_SKIN,TID_NITA_REINDEER_SKIN_SHOP,TID_SKIN_INFO_NORMAL_PET,,nita_reindeer_tex.pvr,nita_reindeer_tex.pvr,nita_reindeer_tex.pvr,nita_reindeer_tex.pvr
ArtilleryGalElf,ArtilleryGalElf,1,4,ArtilleryTurretElf,,,80,TID_PENNY_ELF_SKIN,TID_PENNY_ELF_SKIN_SHOP,TID_SKIN_INFO_FX_TURRET,,penny_elf_tex.pvr,penny_elf_tex.pvr,penny_elf_tex.pvr,penny_elf_tex.pvr
NinjaDefault,NinjaDefault,,,,,,,,,,,leon_tex.pvr,leon_tex.pvr,leon_tex.pvr,leon_tex.pvr
UndertakerHat,UndertakerHat,,5,,,,,TID_UNDERTAKER_HAT_SKIN,TID_UNDERTAKER_HAT_SKIN,TID_SKIN_INFO_NORMAL,,mortis_v2_tex.pvr,mortis_v2_tex.pvr,mortis_v2_tex.pvr,mortis_v2_tex.pvr
BullGuyFootbull,BullGuyFootbull,,,,,,80,TID_SKIN_FOOTBULL,TID_SKIN_FOOTBULL_SHOP,TID_SKIN_INFO_NORMAL,,bull_footbull_tex.png,bull_footbull_tex.png,bull_footbull_tex.png,bull_footbull_tex.png
ShamanBearReindeer,ShamanBearReindeer,,,,,,,,,,,nita_bear_reindeer_tex.pvr,nita_bear_reindeer_tex.pvr,nita_bear_reindeer_tex.pvr,nita_bear_reindeer_tex.pvr
ArtilleryTurretElf,ArtilleryTurretElf,,,,,,,,,,,penny_elf_tex.pvr,penny_elf_tex.pvr,penny_elf_tex.pvr,penny_elf_tex.pvr
HookDefault,HookDefault,,,,,,,,,,,gene_tex.pvr,gene_tex.pvr,gene_tex.pvr,gene_tex.pvr
TrickshotPopcorn,TrickshotPopcorn,,,,,,150,TID_SKIN_POPCORN_RICO,TID_SKIN_POPCORN_RICO_SHOP,TID_SKIN_INFO_FX,,rico_popcorn_tex.pvr,rico_popcorn_tex.pvr,rico_popcorn_tex.pvr,rico_popcorn_tex.pvr
GunSlingerHanbok,GunSlingerHanbok,2,4,,,,150,TID_SKIN_LUNAR_COLT,TID_SKIN_LUNAR_COLT_SHOP,TID_SKIN_INFO_FX,,colt_hanbok_tex.pvr,colt_hanbok_tex.pvr,colt_hanbok_tex.pvr,colt_hanbok_tex.pvr
BarrelbotCny,BarrelbotCny,2,4,,,,80,TID_SKIN_DUMPLING_DARRYL,TID_SKIN_DUMPLING_DARRYL_SHOP,TID_SKIN_INFO_FX,,darryl_cny_tex.pvr,darryl_cny_tex.pvr,darryl_cny_tex.pvr,darryl_cny_tex.pvr
PocoValentine,PocoValentine,,,,,,150,TID_SKIN_VALENTINE_POCO,TID_SKIN_VALENTINE_POCO_SHOP,TID_SKIN_INFO_FX,,poco_valentine_tex.pvr,poco_valentine_tex.pvr,poco_valentine_tex.pvr,poco_valentine_tex.pvr
RocketGirlCny,RocketGirlCny,2,4,,,,150,TID_SKIN_LUNAR_BROCK,TID_SKIN_LUNAR_BROCK_SHOP,TID_SKIN_INFO_FX,,brock_cny_tex.pvr,brock_cny_tex.pvr,brock_cny_tex.pvr,brock_cny_tex.pvr
WhirlwindDefault,WhirlwindDefault,,,,,,,,,,,carl_tex.pvr,carl_tex.pvr,carl_tex.pvr,carl_tex.pvr
RoboWarsBox,RoboWarsBox,,,,,,,,,,,,,,
UndertakerNightwitch,UndertakerNightwitch,,,,,,150,TID_UNDERTAKER_NIGHTWITCH_SKIN,TID_UNDERTAKER_NIGHTWITCH_SKIN_SHOP,TID_SKIN_INFO_FX,,mortis_nightwitch_tex.pvr,mortis_nightwitch_tex.pvr,mortis_nightwitch_tex.pvr,mortis_nightwitch_tex.pvr
RoboWarsBaseDefault,RoboWarsBaseDefault,,,,,,,,,,,siege_base.pvr,siege_base_red.pvr,,
RosaDefault,RosaDefault,,,,,,,,,,,,,,
MineCart,MineCart,,,,,,,,,,,,,,
ShamanShiba,ShamanShiba,,,ShamanBearShiba,,,150,TID_SHAMAN_SHIBA_SKIN,TID_SHAMAN_SHIBA_SKIN_SHOP,TID_SKIN_INFO_ANIM_FX_SOUND_PET,,nita_shiba_tex.pvr,nita_shiba_tex.pvr,nita_shiba_tex.pvr,nita_shiba_tex.pvr
ShamanBearShiba,ShamanBearShiba,,,,,,,,,,,nita_bear_shiba_tex.pvr,nita_bear_shiba_tex.pvr,nita_bear_shiba_tex.pvr,nita_bear_shiba_tex.pvr
BaseballDefault,BaseballDefault,,,,,,,,,,,bibi_tex.pvr,bibi_tex.pvr,bibi_tex.pvr,bibi_tex.pvr
MineCartB,MineCartB,,,,,,,,,,,,,,
MineCartC,MineCartC,,,,,,,,,,,,,,
MineCartD,MineCartD,,,,,,,,,,,,,,
MineCartE,MineCartE,,,,,,,,,,,,,,
ClusterBombDefault,ClusterBombDefault,,,,,,,,,,,tick_tex.pvr,tick_tex.pvr,tick_tex.pvr,tick_tex.pvr
ClusterBombPetDefault,ClusterBombPetDefault,,,,,,,,,,,tick_tex.pvr,tick_tex.pvr,tick_tex.pvr,tick_tex.pvr
ArtilleryGalBunny,ArtilleryGalBunny,,,ArtilleryTurretBunny,,,80,TID_PENNY_BUNNY_SKIN,TID_PENNY_BUNNY_SKIN_SHOP,TID_SKIN_INFO_FX_TURRET,,penny_bunny_tex.pvr,penny_bunny_tex.pvr,penny_bunny_tex.pvr,penny_bunny_tex.pvr
ArtilleryTurretBunny,ArtilleryTurretBunny,,,,,,,,,,,penny_bunny_tex.pvr,penny_bunny_tex.pvr,penny_bunny_tex.pvr,penny_bunny_tex.pvr
BarkeepMs,BarkeepMs,,,,,,150,TID_BARLEY_MS_SKIN,TID_BARLEY_MS_SKIN_SHOP,TID_SKIN_INFO_ANIM_FX,,barley_ms_tex.pvr,barley_ms_tex.pvr,barley_ms_tex.pvr,barley_ms_tex.pvr
RocketGirlHotrod,RocketGirlHotrod,,,,,,150,TID_BROCK_HOTROD_SKIN,TID_BROCK_HOTROD_SKIN_SHOP,TID_SKIN_INFO_FX,,brock_hotrod_tex.pvr,brock_hotrod_tex.pvr,brock_hotrod_tex.pvr,brock_hotrod_tex.pvr
BarkeepMaple,BarkeepLumberjack,,,,,,80,TID_BARLEY_MAPLE_SKIN,TID_BARLEY_MAPLE_SKIN_SHOP,TID_SKIN_INFO_FX,,barley_lumberjack_tex.pvr,barley_lumberjack_tex.pvr,barley_lumberjack_tex.pvr,barley_lumberjack_tex.pvr
WhirlwindRR,WhirlwindHotrod,,,,,,80,TID_CARL_RR_SKIN,TID_CARL_RR_SKIN_SHOP,TID_SKIN_INFO_FX,,carl_hotrod_tex.pvr,carl_hotrod_tex.pvr,carl_hotrod_tex.pvr,carl_hotrod_tex.pvr
BoMecha,BoMecha,,,,,,300,TID_BO_MECHA_SKIN,TID_BO_MECHA_SKIN_SHOP,TID_SKIN_INFO_ANIM_SOUND_FX_VOICE,,"bo_mecha_tex.png+hue(masks/bo/bo_mecha_ammo_msk.png,205.115997)",bo_mecha_tex.png,"bo_mecha_tex.png+hue(masks/bo/bo_mecha_ammo_msk.png,205.115997)",bo_mecha_tex.png
CrowMecha,CrowMecha,,,,,,300,TID_CROW_MECHA_SKIN,TID_CROW_MECHA_SKIN_SHOP,TID_SKIN_INFO_ANIM_SOUND_FX_VOICE,,crow_mecha_tex.png,crow_mecha_tex.png,crow_mecha_tex.png,crow_mecha_tex.png
Cactusmecha,Cactusmecha,,,,,,150,TID_SPIKE_ROBO_SKIN,TID_SPIKE_ROBO_SKIN_SHOP,TID_SKIN_INFO_ANIM_SOUND_FX,,spike_mecha_tex.pvr,spike_mecha_tex.pvr,spike_mecha_tex.pvr,spike_mecha_tex.pvr
TntDudeMecha,TntDudeMecha,,,,,,300,TID_MIKE_ROBO_SKIN,TID_MIKE_ROBO_SKIN_SHOP,TID_SKIN_INFO_ANIM_SOUND_FX_VOICE,,"dynamike_mecha_tex.pvr+hue(masks/dynamike/dynamike_mecha_ammo_msk.png,198.000000)+value(masks/dynamike/dynamike_mecha_ammo_msk.png,1.279000)",dynamike_mecha_tex.pvr,"dynamike_mecha_tex.pvr+hue(masks/dynamike/dynamike_mecha_ammo_msk.png,198.000000)",dynamike_mecha_tex.pvr
BowDudeMechaWhite,BoMecha,,,,,10000,,TID_BO_MECHA_LIGHT_SKIN,TID_BO_MECHA_LIGHT_SKIN_SHOP,TID_SKIN_INFO_ANIM_SOUND_FX_VOICE,,"bo_mecha_tex.png+saturation(masks/bo/bo_mecha_colour02_msk.png,0.000000)+saturation(masks/bo/bo_mecha_colour01_msk.png,2.674000)+value(masks/bo/bo_mecha_colour01_msk.png,2.442000)+hue(masks/bo/bo_mecha_colour01_msk.png,12.558000)+saturation(masks/bo/bo_mecha_seams_msk.png,0.000000)+hue(masks/bo/bo_mecha_eyesvisor_msk.png,20.930000)+value(masks/bo/bo_mecha_colour02_msk.png,0.800000)+hue(masks/bo/bo_mecha_ammo_msk.png,205.115997)","bo_mecha_tex.png+saturation(masks/bo/bo_mecha_colour02_msk.png,0.000000)+saturation(masks/bo/bo_mecha_colour01_msk.png,2.674000)+value(masks/bo/bo_mecha_colour01_msk.png,2.442000)+hue(masks/bo/bo_mecha_colour01_msk.png,12.558000)+saturation(masks/bo/bo_mecha_seams_msk.png,0.000000)+hue(masks/bo/bo_mecha_eyesvisor_msk.png,20.930000)+value(masks/bo/bo_mecha_colour02_msk.png,0.800000)","bo_mecha_tex.png+saturation(masks/bo/bo_mecha_colour02_msk.png,0.000000)+saturation(masks/bo/bo_mecha_colour01_msk.png,5.349000)+hue(masks/bo/bo_mecha_eyesvisor_msk.png,20.930000)+hue(masks/bo/bo_mecha_ammo_msk.png,205.115997)","bo_mecha_tex.png+saturation(masks/bo/bo_mecha_colour02_msk.png,0.000000)+saturation(masks/bo/bo_mecha_colour01_msk.png,5.349000)+hue(masks/bo/bo_mecha_eyesvisor_msk.png,20.930000)+hue(masks/bo/bo_mecha_colour02_msk.png,0.000000)"
BowDudeMechaGold,BoMecha,,,,,50000,,TID_BO_MECHA_GOLD_SKIN,TID_BO_MECHA_GOLD_SKIN_SHOP,TID_SKIN_INFO_ANIM_SOUND_FX_VOICE,,"bo_mecha_tex.png+value(masks/bo/bo_mecha_colour01_msk.png,1.047000)+saturation(masks/bo/bo_mecha_colour01_msk.png,8.721000)+hue(masks/bo/bo_mecha_colour01_msk.png,12.558000)+hue(masks/bo/bo_mecha_colour02_msk.png,16.000000)+value(masks/bo/bo_mecha_colour02_msk.png,3.605000)+hue(masks/bo/bo_mecha_eyesvisor_msk.png,213.488007)+hue(masks/bo/bo_mecha_ammo_msk.png,205.115997)","bo_mecha_tex.png+value(masks/bo/bo_mecha_colour01_msk.png,1.047000)+saturation(masks/bo/bo_mecha_colour01_msk.png,8.721000)+hue(masks/bo/bo_mecha_colour01_msk.png,12.558000)+hue(masks/bo/bo_mecha_colour02_msk.png,16.000000)+value(masks/bo/bo_mecha_colour02_msk.png,3.605000)+hue(masks/bo/bo_mecha_eyesvisor_msk.png,213.488007)","bo_mecha_tex.png+hue(masks/bo/bo_mecha_colour01_msk.png,12.558000)+hue(masks/bo/bo_mecha_colour01_msk.png,1.047000)+hue(masks/bo/bo_mecha_eyesvisor_msk.png,221.860001)+hue(masks/bo/bo_mecha_colour02_msk.png,8.372000)+hue(masks/bo/bo_mecha_ammo_msk.png,205.115997)","bo_mecha_tex.png+hue(masks/bo/bo_mecha_colour01_msk.png,12.558000)+hue(masks/bo/bo_mecha_colour01_msk.png,1.047000)+hue(masks/bo/bo_mecha_eyesvisor_msk.png,221.860001)+hue(masks/bo/bo_mecha_colour02_msk.png,8.372000)"
CrowMechaGold,CrowMecha,,,,,50000,,TID_CROW_MECHA_GOLD_SKIN,TID_CROW_MECHA_GOLD_SKIN_SHOP,TID_SKIN_INFO_ANIM_SOUND_FX_VOICE,,crow_mechagold_tex.png,crow_mechagold_tex.png,crow_mechagold_tex.png,crow_mechagold_tex.png
CrowMechaNight,CrowMecha,,,,,10000,,TID_CROW_MECHA_NIGHT_SKIN,TID_CROW_MECHA_NIGHT_SKIN_SHOP,TID_SKIN_INFO_ANIM_SOUND_FX_VOICE,,"crow_mecha_tex.png+saturation(masks/crow/crow_mecha_colour01_msk.png,0.000000)+value(masks/crow/crow_mecha_colour01_msk.png,0.200000)+value(masks/crow/crow_mecha_colour02_msk.png,0.500000)+saturation(masks/crow/crow_mecha_colour02_msk.png,2.093000)+hue(masks/crow/crow_mecha_colour03_msk.png,209.302002)+value(masks/crow/crow_mecha_colour03_msk.png,1.400000)","crow_mecha_tex.png+saturation(masks/crow/crow_mecha_colour01_msk.png,0.000000)+value(masks/crow/crow_mecha_colour01_msk.png,0.200000)+value(masks/crow/crow_mecha_colour02_msk.png,0.500000)+saturation(masks/crow/crow_mecha_colour02_msk.png,2.093000)+hue(masks/crow/crow_mecha_colour03_msk.png,209.302002)+value(masks/crow/crow_mecha_colour03_msk.png,1.400000)","crow_mecha_tex.png+saturation(masks/crow/crow_mecha_colour01_msk.png,1.047000)+value(masks/crow/crow_mecha_colour01_msk.png,0.233000)+value(masks/crow/crow_mecha_colour02_msk.png,0.814000)+hue(masks/crow/crow_mecha_colour03_msk.png,209.302002)","crow_mecha_tex.png+saturation(masks/crow/crow_mecha_colour01_msk.png,1.047000)+value(masks/crow/crow_mecha_colour01_msk.png,0.233000)+value(masks/crow/crow_mecha_colour02_msk.png,0.814000)+hue(masks/crow/crow_mecha_colour03_msk.png,209.302002)"
BullDudeFootbullBlue,BullGuyFootbull,,,,,2500,,TID_BULL_LINEBACKER_SKIN,TID_BULL_LINEBACKER_SKIN_SHOP,TID_SKIN_INFO_NORMAL,,"bull_footbull_tex.png+hue(masks/bull/bull_footbull_colour01_msk.png,217.673996)+value(masks/bull/bull_footbull_colour01_msk.png,1.744000)+saturation(masks/bull/bull_footbull_colour01_msk.png,2.558000)+value(masks/bull/bull_footbull_helmet_msk.png,0.465000)+value(masks/bull/bull_footbull_metal_msk.png,0.233000)","bull_footbull_tex.png+hue(masks/bull/bull_footbull_colour01_msk.png,217.673996)+value(masks/bull/bull_footbull_colour01_msk.png,1.744000)+saturation(masks/bull/bull_footbull_colour01_msk.png,2.558000)+value(masks/bull/bull_footbull_helmet_msk.png,0.465000)+value(masks/bull/bull_footbull_metal_msk.png,0.233000)","bull_footbull_tex.png+hue(masks/bull/bull_footbull_colour01_msk.png,217.673996)","bull_footbull_tex.png+hue(masks/bull/bull_footbull_colour01_msk.png,217.673996)"
GunslingerOutlaw,GunSlingerRockstar,,,,,500,,TID_COLT_OUTLAW_SKIN,TID_COLT_OUTLAW_SKIN_SHOP,TID_SKIN_INFO_NORMAL,,colt_outlaw_tex.pvr,colt_outlaw_tex.pvr,colt_outlaw_tex.pvr,colt_outlaw_tex.pvr
WhirlwindHogrider,WhirlwindHogrider,,,,,,80,TID_CARL_HOG_RIDER_SKIN,TID_CARL_HOG_RIDER_SKIN_SHOP,TID_SKIN_INFO_NORMAL,,carl_hogrider_tex.pvr,carl_hogrider_tex.pvr,carl_hogrider_tex.pvr,carl_hogrider_tex.pvr
BallBeach,BallBeach,,,,,,,,,,,,,,
ArcadeDefault,ArcadeDefault,,,DamageBoosterDefault,,,,,,,,8bit_tex.pvr,"8bit_tex.pvr+hue(masks/8bit/8bit_msk.png,138.000000)+saturation(masks/8bit/8bit_msk.png,3.000000)+hue(masks/8bit/8bit_light_msk.png,146.000000)",8bit_tex.pvr,"8bit_tex.pvr+hue(masks/8bit/8bit_msk.png,138.000000)+saturation(masks/8bit/8bit_msk.png,3.000000)+hue(masks/8bit/8bit_light_msk.png,146.000000)"
DamageBoosterDefault,DamageBoosterDefault,,,,,,,,,,,8bit_tex.pvr,"8bit_tex.pvr+hue(masks/8bit/8bit_msk.png,138.000000)+saturation(masks/8bit/8bit_msk.png,3.000000)+hue(masks/8bit/8bit_light_msk.png,146.000000)",8bit_tex.pvr,"8bit_tex.pvr+hue(masks/8bit/8bit_msk.png,138.000000)+saturation(masks/8bit/8bit_msk.png,3.000000)+hue(masks/8bit/8bit_light_msk.png,146.000000)"
SniperPink,SniperPink,,,,,500,,TID_PIPER_PINK_SKIN,TID_PIPER_PINK_SKIN_SHOP,TID_SKIN_INFO_NORMAL,,piper_pink_tex.pvr,piper_pink_tex.pvr,piper_pink_tex.pvr,piper_pink_tex.pvr
ArcadeClassic,ArcadeClassic,,,DamageBoosterDefault,,,30,TID_8BIT_CLASSIC_SKIN,TID_8BIT_CLASSIC_SKIN_SHOP,TID_SKIN_INFO_NORMAL,,8bit_classic_tex.pvr,"8bit_classic_tex.pvr+hue(masks/8bit/8bit_msk.png,138.000000)+saturation(masks/8bit/8bit_msk.png,3.000000)+hue(masks/8bit/8bit_light_msk.png,146.000000)",8bit_classic_tex.pvr,"8bit_classic_tex.pvr+hue(masks/8bit/8bit_msk.png,138.000000)+saturation(masks/8bit/8bit_msk.png,3.000000)+hue(masks/8bit/8bit_light_msk.png,146.000000)"
NinjaShark,NinjaShark,,,,,,80,TID_LEON_SHARK_SKIN,TID_LEON_SHARK_SKIN_SHOP,TID_SKIN_INFO_NORMAL,,shark_leon_tex.pvr,shark_leon_tex.pvr,shark_leon_tex.pvr,shark_leon_tex.pvr
BlackHoleBlue,BlackHoleBlue,,,,,500,,TID_TARA_BLUE_SKIN,TID_TARA_BLUE_SKIN_SHOP,TID_SKIN_INFO_NORMAL,,tara_blue_tex.pvr,tara_blue_tex.pvr,tara_blue_tex.pvr,tara_blue_tex.pvr
LootBoxMoonFestival,LootBoxMoonFestival,,,,,,,,,,,,,,
SandstormDefault,SandstormDefault,,,,,,,,,,,sandy_tex.pvr,sandy_tex.pvr,sandy_tex.pvr,sandy_tex.pvr
BeeSniperDefault,BeeSniperDefault,,,,,,,,,,,piper_tex.pvr,piper_tex.pvr,piper_tex.pvr,piper_tex.pvr
BossRaceBossDefault,BossRaceBossDefault,,,,,,,,,,,bossbot_tex.pvr,bossbot_tex.pvr,bossbot_tex.pvr,bossbot_tex.pvr
BarkeepWizardRed,BarkeepWizardRed,,,,,2500,,TID_BARLEY_RED_WIZARD_SKIN,TID_BARLEY_RED_WIZARD_SKIN_SHOP,TID_SKIN_INFO_NORMAL,,"barley_wizard_tex.pvr+hue(masks/barley/coat_msk.png,133.953003)+value(masks/barley/coat_msk.png,0.698000)","barley_wizard_tex.pvr+hue(masks/barley/coat_msk.png,133.953003)+value(masks/barley/coat_msk.png,0.698000)","barley_wizard_tex.pvr+hue(masks/barley/coat_msk.png,133.953003)+value(masks/barley/coat_msk.png,0.698000)","barley_wizard_tex.pvr+hue(masks/barley/coat_msk.png,133.953003)+value(masks/barley/coat_msk.png,0.698000)"
HookPirate,HookPirate,,,,,,80,TID_GENE_PIRATE_SKIN,TID_GENE_PIRATE_SKIN_SHOP,TID_SKIN_INFO_NORMAL,,gene_pirate_tex.pvr,gene_pirate_tex.pvr,gene_pirate_tex.pvr,gene_pirate_tex.pvr
Sandstormsleepy,Sandstormsleepy,,,,,,30,TID_SANDY_SLEEPY_SKIN,TID_SANDY_SLEEPY_SKIN_SHOP,TID_SKIN_INFO_NORMAL,,sleepy_sandy_tex.pvr,sleepy_sandy_tex.pvr,sleepy_sandy_tex.pvr,sleepy_sandy_tex.pvr
MummyDefault,MummyDefault,,,,,,,,,,,emz_tex.pvr,emz_tex.pvr,emz_tex.pvr,emz_tex.pvr
Sniperrose,Sniperrose,3,3,,,,80,TID_PIPER_CALAVERA_SKIN,TID_PIPER_CALAVERA_SKIN_SHOP,TID_SKIN_INFO_NORMAL,,piper_rose_tex.pvr,piper_rose_tex.pvr,piper_rose_tex.pvr,piper_rose_tex.pvr
SpawnerDudeDefault,SpawnerDudeDefault,,,ArtilleryTurretDefault,ShamanBearDefault,,,,,,,mari_tex.pvr,mari_tex.pvr,mari_tex.pvr,mari_tex.pvr
ShotgunGirlWitch,ShotgunGirlWitch,3,3,,,,150,TID_SHELLY_WITCH_SKIN,TID_SHELLY_WITCH_SKIN_SHOP,TID_SKIN_INFO_ANIM_SOUND_FX,,shelly_witch_tex.pvr,shelly_witch_tex.pvr,shelly_witch_tex.pvr,shelly_witch_tex.pvr
MechanicKnightDark,MechanicKnightDark,,,TurretDragonDark,,10000,,TID_JESSIE_DARK_KNIGHT_SKIN,TID_JESSIE_DARK_KNIGHT_SKIN_SHOP,TID_SKIN_INFO_ANIM_FX_TURRET,,"jessie_knight_tex.pvr+hue(masks/jessie/jessie_knight_plume_msk.png,117.209000)+value(masks/jessie/jessie_knight_plume_msk.png,0.600000)+saturation(masks/jessie/jessie_knight_gold_msk.png,0.200000)+value(masks/jessie/jessie_knight_gold_msk.png,0.581000)+value(masks/jessie/jessie_knight_metal_msk.png,0.000000)+hue(masks/jessie/jessie_knight_fabric_msk.png,125.581001)+value(masks/jessie/jessie_knight_fabric_msk.png,0.600000)","jessie_knight_tex.pvr+hue(masks/jessie/jessie_knight_plume_msk.png,117.209000)+value(masks/jessie/jessie_knight_plume_msk.png,0.600000)+saturation(masks/jessie/jessie_knight_gold_msk.png,0.200000)+value(masks/jessie/jessie_knight_gold_msk.png,0.581000)+value(masks/jessie/jessie_knight_metal_msk.png,0.000000)+hue(masks/jessie/jessie_knight_fabric_msk.png,125.581001)+value(masks/jessie/jessie_knight_fabric_msk.png,0.600000)","jessie_knight_tex.pvr+hue(masks/jessie/jessie_knight_plume_msk.png,140.000000)+hue(masks/jessie/jessie_knight_plume_msk.png,0.400000)+saturation(masks/jessie/jessie_knight_gold_msk.png,0.200000)+value(masks/jessie/jessie_knight_gold_msk.png,0.200000)+value(masks/jessie/jessie_knight_metal_msk.png,0.698000)+value(masks/jessie/jessie_knight_fabric_msk.png,0.930000)+hue(masks/jessie/jessie_knight_fabric_msk.png,117.209000)","jessie_knight_tex.pvr+hue(masks/jessie/jessie_knight_plume_msk.png,140.000000)+hue(masks/jessie/jessie_knight_plume_msk.png,0.400000)+saturation(masks/jessie/jessie_knight_gold_msk.png,0.200000)+value(masks/jessie/jessie_knight_gold_msk.png,0.200000)+value(masks/jessie/jessie_knight_metal_msk.png,0.698000)+value(masks/jessie/jessie_knight_fabric_msk.png,0.930000)+hue(masks/jessie/jessie_knight_fabric_msk.png,117.209000)"
TurretDragonDark,TurretDragonDark,,,,,,,,,,,"turret_dragon_tex.pvr+hue(masks/jessie/jessie_turrret_dragon_main_msk.png,322.325989)+saturation(masks/jessie/jessie_turrret_dragon_main_msk.png,0.349000)+value(masks/jessie/jessie_turrret_dragon_main_msk.png,0.200000)+hue(masks/jessie/jessie_turrret_dragon_belly_msk.png,330.697998)+saturation(masks/jessie/jessie_turrret_dragon_belly_msk.png,1.395000)+value(masks/jessie/jessie_turrret_dragon_belly_msk.png,0.930000)","turret_dragon_tex.pvr+hue(masks/jessie/jessie_turrret_dragon_main_msk.png,322.325989)+saturation(masks/jessie/jessie_turrret_dragon_main_msk.png,0.349000)+value(masks/jessie/jessie_turrret_dragon_main_msk.png,0.200000)+hue(masks/jessie/jessie_turrret_dragon_belly_msk.png,330.697998)+saturation(masks/jessie/jessie_turrret_dragon_belly_msk.png,1.395000)+value(masks/jessie/jessie_turrret_dragon_belly_msk.png,0.930000)","turret_dragon_tex.pvr+hue(masks/jessie/jessie_turrret_dragon_main_msk.png,351.627991)+saturation(masks/jessie/jessie_turrret_dragon_main_msk.png,1.047000)+value(masks/jessie/jessie_turrret_dragon_main_msk.png,0.814000)","turret_dragon_tex.pvr+hue(masks/jessie/jessie_turrret_dragon_main_msk.png,351.627991)+saturation(masks/jessie/jessie_turrret_dragon_main_msk.png,1.047000)+value(masks/jessie/jessie_turrret_dragon_main_msk.png,0.814000)"
HammerDudeDJ,HammerDudeDJ,,,,,,80,TID_FRANK_DJ_SKIN,TID_FRANK_DJ_SKIN_SHOP,TID_SKIN_INFO_NORMAL,,frank_dj_tex.pvr,frank_dj_tex.pvr,"frank_dj_tex.pvr+value(masks/frank/frank_dj_coat_msk.png,0.200000)","frank_dj_tex.pvr+value(masks/frank/frank_dj_coat_msk.png,0.200000)"
NinjaWolf,NinjaWolf,3,3,,,,150,TID_LEON_WEREWOLF_SKIN,TID_LEON_WEREWOLF_SKIN_SHOP,TID_SKIN_INFO_ANIM_SOUND_FX,,leon_wolf_tex.pvr,leon_wolf_tex.pvr,leon_wolf_tex.pvr,leon_wolf_tex.pvr
LuchadorBrown,LuchadorBrown,,3,,,,150,TID_EL_PRIMO_BROWN_SKIN,TID_EL_PRIMO_BROWN_SKIN_SHOP,TID_SKIN_INFO_ANIM_FX,,primo_brown_tex.pvr,primo_brown_tex.pvr,primo_brown_tex.pvr,primo_brown_tex.pvr
,,,,,,,,,,,,,,,
,,,,,,,,,,,,,,,
NinjaSally,NinjaSally,,3,,,,80,TID_LEON_SALLY_SKIN,TID_LEON_SALLY_SKIN_SHOP,TID_SKIN_INFO_FX,,leon_sally_tex.pvr,leon_sally_tex.pvr,leon_sally_tex.pvr,leon_sally_tex.pvr
WhirlwindLeonard,WhirlwindLeonard,,3,,,,80,TID_CARL_LEONARD_SKIN,TID_CARL_LEONARD_SKIN_SHOP,TID_SKIN_INFO_FX,,carl_leonard_tex.pvr,carl_leonard_tex.pvr,carl_leonard_tex.pvr,carl_leonard_tex.pvr
